id,video,question,gold,generated,confidence,n_tokens,mean_logp,is_correct,note
1980268,0029 - Heico - Sigma - 10.avi,How many different foreign object instances appear in this frame? Please provide a number.,1,1,0.990867,4,-0.009175,True,
1980186,0029 - Heico - Sigma - 10.avi,How many different foreign object instances appear in this frame? Please provide a number.,2,3,0.985086,4,-0.015026,False,
1980355,0029 - Heico - Sigma - 10.avi,How many different foreign object instances appear in this frame? Please provide a number.,3,2,0.90391,4,-0.101025,False,
1980401,0029 - Heico - Sigma - 10.avi,How many different foreign object instances appear in this frame? Please provide a number.,4,3,0.947322,4,-0.054116,False,
1980141,0029 - Heico - Sigma - 10.avi,How many different foreign object instances appear in this frame? Please provide a number.,5,2,0.947278,4,-0.054163,False,
1980807,0029 - Heico - Sigma - 10.avi,How many different foreign object classes appear in this frame? Please provide a number.,1,1,0.988735,4,-0.011329,True,
1980740,0029 - Heico - Sigma - 10.avi,How many different foreign object classes appear in this frame? Please provide a number.,2,1,0.978458,4,-0.021778,False,
1982214,0029 - Heico - Sigma - 10.avi,How many Sponges appear in this frame? Please provide a number.,1,1,0.998607,4,-0.001394,True,
1982884,0029 - Heico - Sigma - 10.avi,How many Clips appear in this frame? Please provide a number.,2,2,0.912535,4,-0.091528,True,
1982892,0029 - Heico - Sigma - 10.avi,How many Clips appear in this frame? Please provide a number.,3,4,0.941219,4,-0.060579,False,
1982902,0029 - Heico - Sigma - 10.avi,How many Clips appear in this frame? Please provide a number.,4,3,0.934562,4,-0.067678,False,
1982896,0029 - Heico - Sigma - 10.avi,How many Clips appear in this frame? Please provide a number.,5,4,0.831259,4,-0.184814,False,
1980446,0029 - Heico - Sigma - 10.avi,How many different foreign object instances appear in this frame? Please provide a number.,1,1,0.987578,4,-0.0125,True,
1980552,0029 - Heico - Sigma - 10.avi,How many different foreign object instances appear in this frame? Please provide a number.,2,1,0.858631,4,-0.152416,False,
1980411,0029 - Heico - Sigma - 10.avi,How many different foreign object instances appear in this frame? Please provide a number.,3,1,0.846283,4,-0.166902,False,
1980202,0029 - Heico - Sigma - 10.avi,How many different foreign object instances appear in this frame? Please provide a number.,4,2,0.917342,4,-0.086275,False,
1980491,0029 - Heico - Sigma - 10.avi,How many different foreign object instances appear in this frame? Please provide a number.,5,3,0.947325,4,-0.054113,False,
1980572,0029 - Heico - Sigma - 10.avi,How many different foreign object classes appear in this frame? Please provide a number.,1,1,0.986397,4,-0.013697,True,
1981051,0029 - Heico - Sigma - 10.avi,How many different foreign object classes appear in this frame? Please provide a number.,2,2,0.966751,4,-0.033814,True,
1982472,0029 - Heico - Sigma - 10.avi,How many Sponges appear in this frame? Please provide a number.,1,1,0.998525,4,-0.001476,True,
1982916,0029 - Heico - Sigma - 10.avi,How many Clips appear in this frame? Please provide a number.,2,0,0.805967,4,-0.215713,False,
1982903,0029 - Heico - Sigma - 10.avi,How many Clips appear in this frame? Please provide a number.,3,2,0.904134,4,-0.100778,False,
1982890,0029 - Heico - Sigma - 10.avi,How many Clips appear in this frame? Please provide a number.,4,3,0.962945,4,-0.037759,False,
1982897,0029 - Heico - Sigma - 10.avi,How many Clips appear in this frame? Please provide a number.,5,4,0.834005,4,-0.181516,False,
1980372,0029 - Heico - Sigma - 10.avi,How many different foreign object instances appear in this frame? Please provide a number.,1,1,0.952661,4,-0.048496,True,
1980498,0029 - Heico - Sigma - 10.avi,How many different foreign object instances appear in this frame? Please provide a number.,2,1,0.935337,4,-0.066849,False,
1980233,0029 - Heico - Sigma - 10.avi,How many different foreign object instances appear in this frame? Please provide a number.,3,1,0.92683,4,-0.075985,False,
1980310,0029 - Heico - Sigma - 10.avi,How many different foreign object instances appear in this frame? Please provide a number.,4,4,0.845787,4,-0.167488,True,
1980508,0029 - Heico - Sigma - 10.avi,How many different foreign object instances appear in this frame? Please provide a number.,5,4,0.865914,4,-0.14397,False,
1980588,0029 - Heico - Sigma - 10.avi,How many different foreign object classes appear in this frame? Please provide a number.,1,1,0.996502,4,-0.003504,True,
1981017,0029 - Heico - Sigma - 10.avi,How many different foreign object classes appear in this frame? Please provide a number.,2,2,0.961774,4,-0.038975,True,
1982412,0029 - Heico - Sigma - 10.avi,How many Sponges appear in this frame? Please provide a number.,1,1,0.997946,4,-0.002056,True,
1982878,0029 - Heico - Sigma - 10.avi,How many Clips appear in this frame? Please provide a number.,2,1,0.904409,4,-0.100473,False,
1982905,0029 - Heico - Sigma - 10.avi,How many Clips appear in this frame? Please provide a number.,3,2,0.957521,4,-0.043408,False,
1982887,0029 - Heico - Sigma - 10.avi,How many Clips appear in this frame? Please provide a number.,4,2,0.939235,4,-0.062689,False,
1982900,0029 - Heico - Sigma - 10.avi,How many Clips appear in this frame? Please provide a number.,5,2,0.916677,4,-0.087001,False,
1980083,0029 - Heico - Sigma - 10.avi,How many different foreign object instances appear in this frame? Please provide a number.,1,1,0.989013,4,-0.011048,True,
1980539,0029 - Heico - Sigma - 10.avi,How many different foreign object instances appear in this frame? Please provide a number.,2,1,0.981282,4,-0.018895,False,
1980514,0029 - Heico - Sigma - 10.avi,How many different foreign object instances appear in this frame? Please provide a number.,3,2,0.763339,4,-0.270054,False,
1980385,0029 - Heico - Sigma - 10.avi,How many different foreign object instances appear in this frame? Please provide a number.,4,3,0.96823,4,-0.032286,False,
1980519,0029 - Heico - Sigma - 10.avi,How many different foreign object instances appear in this frame? Please provide a number.,5,3,0.982435,4,-0.017721,False,
1980705,0029 - Heico - Sigma - 10.avi,How many different foreign object classes appear in this frame? Please provide a number.,1,1,0.992871,4,-0.007155,True,
1980571,0029 - Heico - Sigma - 10.avi,How many different foreign object classes appear in this frame? Please provide a number.,2,2,0.852385,4,-0.159717,True,
1982928,0029 - Heico - Sigma - 10.avi,How many Clips appear in this frame? Please provide a number.,1,1,0.991689,4,-0.008346,True,
1982908,0029 - Heico - Sigma - 10.avi,How many Clips appear in this frame? Please provide a number.,2,2,0.915538,4,-0.088243,True,
1982879,0029 - Heico - Sigma - 10.avi,How many Clips appear in this frame? Please provide a number.,3,0,0.780274,4,-0.248111,False,
1982886,0029 - Heico - Sigma - 10.avi,How many Clips appear in this frame? Please provide a number.,4,2,0.958842,4,-0.042029,False,
1982899,0029 - Heico - Sigma - 10.avi,How many Clips appear in this frame? Please provide a number.,5,3,0.97916,4,-0.02106,False,
1980497,0029 - Heico - Sigma - 10.avi,How many different foreign object instances appear in this frame? Please provide a number.,1,1,0.992428,4,-0.007601,True,
1980405,0029 - Heico - Sigma - 10.avi,How many different foreign object instances appear in this frame? Please provide a number.,2,1,0.883683,4,-0.123657,False,
1980260,0029 - Heico - Sigma - 10.avi,How many different foreign object instances appear in this frame? Please provide a number.,3,3,0.929373,4,-0.073245,True,
1980412,0029 - Heico - Sigma - 10.avi,How many different foreign object instances appear in this frame? Please provide a number.,4,2,0.93143,4,-0.071034,False,
1980836,0029 - Heico - Sigma - 10.avi,How many different foreign object classes appear in this frame? Please provide a number.,1,1,0.989484,4,-0.010572,True,
1981020,0029 - Heico - Sigma - 10.avi,How many different foreign object classes appear in this frame? Please provide a number.,2,2,0.968425,4,-0.032084,True,
1982567,0029 - Heico - Sigma - 10.avi,How many External drains appear in this frame? Please provide a number.,1,1,0.98984,4,-0.010212,True,
1982906,0029 - Heico - Sigma - 10.avi,How many Clips appear in this frame? Please provide a number.,3,3,0.792017,4,-0.233172,True,
1982888,0029 - Heico - Sigma - 10.avi,How many Clips appear in this frame? Please provide a number.,4,2,0.929483,4,-0.073126,False,
1982901,0029 - Heico - Sigma - 10.avi,How many Clips appear in this frame? Please provide a number.,5,3,0.947385,4,-0.05405,False,
1980249,0029 - Heico - Sigma - 10.avi,How many different foreign object instances appear in this frame? Please provide a number.,1,1,0.978361,4,-0.021877,True,
1980433,0029 - Heico - Sigma - 10.avi,How many different foreign object instances appear in this frame? Please provide a number.,2,1,0.927284,4,-0.075496,False,
1980855,0029 - Heico - Sigma - 10.avi,How many different foreign object classes appear in this frame? Please provide a number.,1,2,0.9878,4,-0.012275,False,
1981053,0029 - Heico - Sigma - 10.avi,How many different foreign object classes appear in this frame? Please provide a number.,2,2,0.967728,4,-0.032804,True,
1982273,0029 - Heico - Sigma - 10.avi,How many Sponges appear in this frame? Please provide a number.,1,1,0.996833,4,-0.003172,True,
1982907,0029 - Heico - Sigma - 10.avi,How many Clips appear in this frame? Please provide a number.,3,2,0.925653,4,-0.077256,False,
1982894,0029 - Heico - Sigma - 10.avi,How many Clips appear in this frame? Please provide a number.,4,4,0.970319,4,-0.03013,True,
1982898,0029 - Heico - Sigma - 10.avi,How many Clips appear in this frame? Please provide a number.,5,4,0.887307,4,-0.119565,False,
1980337,0029 - Heico - Sigma - 10.avi,How many different foreign object instances appear in this frame? Please provide a number.,1,1,0.983509,4,-0.016628,True,
1980396,0029 - Heico - Sigma - 10.avi,How many different foreign object instances appear in this frame? Please provide a number.,2,1,0.881512,4,-0.126116,False,
1980875,0029 - Heico - Sigma - 10.avi,How many different foreign object classes appear in this frame? Please provide a number.,1,1,0.959898,4,-0.040928,True,
1980954,0029 - Heico - Sigma - 10.avi,How many different foreign object classes appear in this frame? Please provide a number.,2,1,0.926783,4,-0.076036,False,
1982425,0029 - Heico - Sigma - 10.avi,How many Sponges appear in this frame? Please provide a number.,1,1,0.99763,4,-0.002372,True,
1982891,0029 - Heico - Sigma - 10.avi,How many Clips appear in this frame? Please provide a number.,3,3,0.944064,4,-0.057561,True,
1982895,0029 - Heico - Sigma - 10.avi,How many Clips appear in this frame? Please provide a number.,4,4,0.871707,4,-0.137302,True,
1980218,0029 - Heico - Sigma - 10.avi,How many different foreign object instances appear in this frame? Please provide a number.,1,1,0.995661,4,-0.004349,True,
1980482,0029 - Heico - Sigma - 10.avi,How many different foreign object instances appear in this frame? Please provide a number.,2,2,0.955139,4,-0.045899,True,
1980719,0029 - Heico - Sigma - 10.avi,How many different foreign object classes appear in this frame? Please provide a number.,1,1,0.98317,4,-0.016973,True,
1980600,0029 - Heico - Sigma - 10.avi,How many different foreign object classes appear in this frame? Please provide a number.,2,2,0.977496,4,-0.022761,True,
1982909,0029 - Heico - Sigma - 10.avi,How many Clips appear in this frame? Please provide a number.,1,1,0.887662,4,-0.119164,True,
1982880,0029 - Heico - Sigma - 10.avi,How many Clips appear in this frame? Please provide a number.,3,2,0.861634,4,-0.148925,False,
1982893,0029 - Heico - Sigma - 10.avi,How many Clips appear in this frame? Please provide a number.,4,5,0.853024,4,-0.158968,False,
1980111,0029 - Heico - Sigma - 10.avi,How many different foreign object instances appear in this frame? Please provide a number.,1,2,0.912233,4,-0.09186,False,
1980527,0029 - Heico - Sigma - 10.avi,How many different foreign object instances appear in this frame? Please provide a number.,2,1,0.920529,4,-0.082807,False,
1980622,0029 - Heico - Sigma - 10.avi,How many different foreign object classes appear in this frame? Please provide a number.,1,1,0.94085,4,-0.060972,True,
1981002,0029 - Heico - Sigma - 10.avi,How many different foreign object classes appear in this frame? Please provide a number.,2,2,0.885846,4,-0.121212,True,
1982923,0029 - Heico - Sigma - 10.avi,How many Clips appear in this frame? Please provide a number.,1,2,0.954893,4,-0.046156,False,
1982889,0029 - Heico - Sigma - 10.avi,How many Clips appear in this frame? Please provide a number.,3,3,0.919316,4,-0.084126,True,
1982885,0029 - Heico - Sigma - 10.avi,How many Clips appear in this frame? Please provide a number.,4,2,0.926875,4,-0.075937,False,
1980420,0029 - Heico - Sigma - 10.avi,How many different foreign object instances appear in this frame? Please provide a number.,1,1,0.985941,4,-0.014159,True,
1980473,0029 - Heico - Sigma - 10.avi,How many different foreign object instances appear in this frame? Please provide a number.,2,2,0.900848,4,-0.104419,True,
1980934,0029 - Heico - Sigma - 10.avi,How many different foreign object classes appear in this frame? Please provide a number.,1,1,0.985941,4,-0.014158,True,
1980980,0029 - Heico - Sigma - 10.avi,How many different foreign object classes appear in this frame? Please provide a number.,2,1,0.904436,4,-0.100443,False,
1982566,0029 - Heico - Sigma - 10.avi,How many External drains appear in this frame? Please provide a number.,1,1,0.983557,4,-0.016579,True,
1982904,0029 - Heico - Sigma - 10.avi,How many Clips appear in this frame? Please provide a number.,3,2,0.865462,4,-0.144492,False,
1980143,0029 - Heico - Sigma - 10.avi,How many different foreign object instances appear in this frame? Please provide a number.,1,1,0.978429,4,-0.021807,True,
1980428,0029 - Heico - Sigma - 10.avi,How many different foreign object instances appear in this frame? Please provide a number.,2,2,0.911643,4,-0.092507,True,
1980623,0029 - Heico - Sigma - 10.avi,How many different foreign object classes appear in this frame? Please provide a number.,1,1,0.980615,4,-0.019575,True,
1981027,0029 - Heico - Sigma - 10.avi,How many different foreign object classes appear in this frame? Please provide a number.,2,2,0.862801,4,-0.147572,True,
1982121,0029 - Heico - Sigma - 10.avi,How many Sponges appear in this frame? Please provide a number.,1,1,0.999175,4,-0.000826,True,
1980407,0029 - Heico - Sigma - 10.avi,How many different foreign object instances appear in this frame? Please provide a number.,1,1,0.992578,4,-0.00745,True,
1980192,0029 - Heico - Sigma - 10.avi,How many different foreign object instances appear in this frame? Please provide a number.,2,3,0.840022,4,-0.174327,False,
1980566,0029 - Heico - Sigma - 10.avi,How many different foreign object classes appear in this frame? Please provide a number.,1,1,0.851523,4,-0.160729,True,
1980901,0029 - Heico - Sigma - 10.avi,How many different foreign object classes appear in this frame? Please provide a number.,2,1,0.980946,4,-0.019238,False,
1982496,0029 - Heico - Sigma - 10.avi,How many Sponges appear in this frame? Please provide a number.,1,1,0.995178,4,-0.004833,True,
1980269,0029 - Heico - Sigma - 10.avi,How many different foreign object instances appear in this frame? Please provide a number.,1,1,0.871863,4,-0.137122,True,
1980544,0029 - Heico - Sigma - 10.avi,How many different foreign object instances appear in this frame? Please provide a number.,2,1,0.956894,4,-0.044062,False,
1980984,0029 - Heico - Sigma - 10.avi,How many different foreign object classes appear in this frame? Please provide a number.,1,1,0.975976,4,-0.024317,True,
1980671,0029 - Heico - Sigma - 10.avi,How many different foreign object classes appear in this frame? Please provide a number.,2,1,0.950313,4,-0.050963,False,
1982221,0029 - Heico - Sigma - 10.avi,How many Sponges appear in this frame? Please provide a number.,1,1,0.999202,4,-0.000798,True,
1980532,0029 - Heico - Sigma - 10.avi,How many different foreign object instances appear in this frame? Please provide a number.,1,1,0.93388,4,-0.068408,True,
1980504,0029 - Heico - Sigma - 10.avi,How many different foreign object instances appear in this frame? Please provide a number.,2,2,0.931871,4,-0.070561,True,
1980646,0029 - Heico - Sigma - 10.avi,How many different foreign object classes appear in this frame? Please provide a number.,1,1,0.960022,4,-0.040799,True,
1980910,0029 - Heico - Sigma - 10.avi,How many different foreign object classes appear in this frame? Please provide a number.,2,2,0.986017,4,-0.014082,True,
1982922,0029 - Heico - Sigma - 10.avi,How many Clips appear in this frame? Please provide a number.,1,2,0.92818,4,-0.07453,False,
1980082,0029 - Heico - Sigma - 10.avi,How many different foreign object instances appear in this frame? Please provide a number.,1,1,0.988742,4,-0.011322,True,
1980362,0029 - Heico - Sigma - 10.avi,How many different foreign object instances appear in this frame? Please provide a number.,2,3,0.882883,4,-0.124562,False,
1980979,0029 - Heico - Sigma - 10.avi,How many different foreign object classes appear in this frame? Please provide a number.,1,1,0.954147,4,-0.046938,True,
1981037,0029 - Heico - Sigma - 10.avi,How many different foreign object classes appear in this frame? Please provide a number.,2,2,0.934314,4,-0.067943,True,
1982571,0029 - Heico - Sigma - 10.avi,How many External drains appear in this frame? Please provide a number.,1,1,0.997805,4,-0.002198,True,
2051940,0020 - Heico - Sigma - 1.avi,How many different foreign object instances appear in this frame? Please provide a number.,1,1,0.778132,4,-0.25086,True,
2051959,0020 - Heico - Sigma - 1.avi,How many different foreign object instances appear in this frame? Please provide a number.,2,2,0.864455,4,-0.145656,True,
2052335,0020 - Heico - Sigma - 1.avi,How many different foreign object classes appear in this frame? Please provide a number.,1,1,0.976549,4,-0.02373,True,
2052799,0020 - Heico - Sigma - 1.avi,How many different foreign object classes appear in this frame? Please provide a number.,2,2,0.879124,4,-0.128829,True,
2054454,0020 - Heico - Sigma - 1.avi,How many Needles appear in this frame? Please provide a number.,1,1,0.996808,4,-0.003197,True,
2052003,0020 - Heico - Sigma - 1.avi,How many different foreign object instances appear in this frame? Please provide a number.,1,1,0.982271,4,-0.017888,True,
2052301,0020 - Heico - Sigma - 1.avi,How many different foreign object instances appear in this frame? Please provide a number.,2,1,0.934132,4,-0.068137,False,
2052510,0020 - Heico - Sigma - 1.avi,How many different foreign object classes appear in this frame? Please provide a number.,1,1,0.98036,4,-0.019835,True,
2052798,0020 - Heico - Sigma - 1.avi,How many different foreign object classes appear in this frame? Please provide a number.,2,2,0.842513,4,-0.171366,True,
2053808,0020 - Heico - Sigma - 1.avi,How many Sponges appear in this frame? Please provide a number.,1,1,0.998906,4,-0.001094,True,
2052183,0020 - Heico - Sigma - 1.avi,How many different foreign object instances appear in this frame? Please provide a number.,1,1,0.947757,4,-0.053657,True,
2052298,0020 - Heico - Sigma - 1.avi,How many different foreign object instances appear in this frame? Please provide a number.,2,2,0.842714,4,-0.171128,True,
2052716,0020 - Heico - Sigma - 1.avi,How many different foreign object classes appear in this frame? Please provide a number.,1,1,0.985257,4,-0.014853,True,
2052791,0020 - Heico - Sigma - 1.avi,How many different foreign object classes appear in this frame? Please provide a number.,2,2,0.889736,4,-0.11683,True,
2053969,0020 - Heico - Sigma - 1.avi,How many Sponges appear in this frame? Please provide a number.,1,1,0.999011,4,-0.00099,True,
2052244,0020 - Heico - Sigma - 1.avi,How many different foreign object instances appear in this frame? Please provide a number.,1,1,0.989428,4,-0.010628,True,
2051914,0020 - Heico - Sigma - 1.avi,How many different foreign object instances appear in this frame? Please provide a number.,2,1,0.873258,4,-0.135524,False,
2052651,0020 - Heico - Sigma - 1.avi,How many different foreign object classes appear in this frame? Please provide a number.,1,1,0.958716,4,-0.04216,True,
2052581,0020 - Heico - Sigma - 1.avi,How many different foreign object classes appear in this frame? Please provide a number.,2,2,0.869722,4,-0.139581,True,
2054154,0020 - Heico - Sigma - 1.avi,How many Sponges appear in this frame? Please provide a number.,1,1,0.997813,4,-0.00219,True,
2051936,0020 - Heico - Sigma - 1.avi,How many different foreign object instances appear in this frame? Please provide a number.,1,1,0.97367,4,-0.026683,True,
2052291,0020 - Heico - Sigma - 1.avi,How many different foreign object instances appear in this frame? Please provide a number.,2,1,0.866839,4,-0.142902,False,
2052327,0020 - Heico - Sigma - 1.avi,How many different foreign object classes appear in this frame? Please provide a number.,1,1,0.987058,4,-0.013027,True,
2052533,0020 - Heico - Sigma - 1.avi,How many different foreign object classes appear in this frame? Please provide a number.,2,1,0.984715,4,-0.015403,False,
2054325,0020 - Heico - Sigma - 1.avi,How many External drains appear in this frame? Please provide a number.,1,1,0.887281,4,-0.119594,True,
2051948,0020 - Heico - Sigma - 1.avi,How many different foreign object instances appear in this frame? Please provide a number.,1,1,0.974436,4,-0.025897,True,
2052164,0020 - Heico - Sigma - 1.avi,How many different foreign object instances appear in this frame? Please provide a number.,2,1,0.929672,4,-0.072924,False,
2052326,0020 - Heico - Sigma - 1.avi,How many different foreign object classes appear in this frame? Please provide a number.,1,1,0.975697,4,-0.024604,True,
2052795,0020 - Heico - Sigma - 1.avi,How many different foreign object classes appear in this frame? Please provide a number.,2,2,0.859004,4,-0.151981,True,
2054416,0020 - Heico - Sigma - 1.avi,How many Needles appear in this frame? Please provide a number.,1,1,0.997379,4,-0.002625,True,
2051977,0020 - Heico - Sigma - 1.avi,How many different foreign object instances appear in this frame? Please provide a number.,1,1,0.994059,4,-0.005959,True,
2052073,0020 - Heico - Sigma - 1.avi,How many different foreign object instances appear in this frame? Please provide a number.,2,1,0.953664,4,-0.047444,False,
2052469,0020 - Heico - Sigma - 1.avi,How many different foreign object classes appear in this frame? Please provide a number.,1,1,0.995115,4,-0.004897,True,
2052592,0020 - Heico - Sigma - 1.avi,How many different foreign object classes appear in this frame? Please provide a number.,2,1,0.942539,4,-0.059178,False,
2053823,0020 - Heico - Sigma - 1.avi,How many Sponges appear in this frame? Please provide a number.,1,1,0.99793,4,-0.002072,True,
2052130,0020 - Heico - Sigma - 1.avi,How many different foreign object instances appear in this frame? Please provide a number.,1,1,0.996893,4,-0.003112,True,
2052300,0020 - Heico - Sigma - 1.avi,How many different foreign object instances appear in this frame? Please provide a number.,2,1,0.954747,4,-0.046309,False,
2052596,0020 - Heico - Sigma - 1.avi,How many different foreign object classes appear in this frame? Please provide a number.,1,1,0.985708,4,-0.014395,True,
2052801,0020 - Heico - Sigma - 1.avi,How many different foreign object classes appear in this frame? Please provide a number.,2,1,0.888208,4,-0.118549,False,
2054061,0020 - Heico - Sigma - 1.avi,How many Sponges appear in this frame? Please provide a number.,1,1,0.998295,4,-0.001706,True,
2052304,0020 - Heico - Sigma - 1.avi,How many different foreign object instances appear in this frame? Please provide a number.,1,3,0.967695,4,-0.032839,False,
2052299,0020 - Heico - Sigma - 1.avi,How many different foreign object instances appear in this frame? Please provide a number.,2,1,0.834342,4,-0.181112,False,
2052701,0020 - Heico - Sigma - 1.avi,How many different foreign object classes appear in this frame? Please provide a number.,1,1,0.977614,4,-0.022641,True,
2052607,0020 - Heico - Sigma - 1.avi,How many different foreign object classes appear in this frame? Please provide a number.,2,1,0.945487,4,-0.056055,False,
2054099,0020 - Heico - Sigma - 1.avi,How many Sponges appear in this frame? Please provide a number.,1,1,0.996085,4,-0.003922,True,
2052198,0020 - Heico - Sigma - 1.avi,How many different foreign object instances appear in this frame? Please provide a number.,1,1,0.993457,4,-0.006565,True,
2052134,0020 - Heico - Sigma - 1.avi,How many different foreign object instances appear in this frame? Please provide a number.,2,1,0.899357,4,-0.106075,False,
2052665,0020 - Heico - Sigma - 1.avi,How many different foreign object classes appear in this frame? Please provide a number.,1,1,0.989724,4,-0.010329,True,
2052413,0020 - Heico - Sigma - 1.avi,How many different foreign object classes appear in this frame? Please provide a number.,2,1,0.96336,4,-0.037328,False,
2054262,0020 - Heico - Sigma - 1.avi,How many External drains appear in this frame? Please provide a number.,1,1,0.99522,4,-0.004791,True,
2051893,0020 - Heico - Sigma - 1.avi,How many different foreign object instances appear in this frame? Please provide a number.,1,1,0.98911,4,-0.01095,True,
2051993,0020 - Heico - Sigma - 1.avi,How many different foreign object instances appear in this frame? Please provide a number.,2,2,0.911434,4,-0.092736,True,
2052364,0020 - Heico - Sigma - 1.avi,How many different foreign object classes appear in this frame? Please provide a number.,1,1,0.981974,4,-0.018191,True,
2052350,0020 - Heico - Sigma - 1.avi,How many different foreign object classes appear in this frame? Please provide a number.,2,1,0.92841,4,-0.074282,False,
2054487,0020 - Heico - Sigma - 1.avi,How many Needles appear in this frame? Please provide a number.,1,1,0.998517,4,-0.001484,True,
2052007,0020 - Heico - Sigma - 1.avi,How many different foreign object instances appear in this frame? Please provide a number.,1,1,0.986727,4,-0.013361,True,
2052292,0020 - Heico - Sigma - 1.avi,How many different foreign object instances appear in this frame? Please provide a number.,2,1,0.913405,4,-0.090576,False,
2052488,0020 - Heico - Sigma - 1.avi,How many different foreign object classes appear in this frame? Please provide a number.,1,1,0.993658,4,-0.006362,True,
2052727,0020 - Heico - Sigma - 1.avi,How many different foreign object classes appear in this frame? Please provide a number.,2,1,0.873843,4,-0.134855,False,
2053810,0020 - Heico - Sigma - 1.avi,How many Sponges appear in this frame? Please provide a number.,1,1,0.998075,4,-0.001927,True,
2052181,0020 - Heico - Sigma - 1.avi,How many different foreign object instances appear in this frame? Please provide a number.,1,1,0.925959,4,-0.076926,True,
2052243,0020 - Heico - Sigma - 1.avi,How many different foreign object instances appear in this frame? Please provide a number.,2,1,0.991417,4,-0.00862,False,
2052717,0020 - Heico - Sigma - 1.avi,How many different foreign object classes appear in this frame? Please provide a number.,1,1,0.979885,4,-0.02032,True,
2052793,0020 - Heico - Sigma - 1.avi,How many different foreign object classes appear in this frame? Please provide a number.,2,1,0.863556,4,-0.146697,False,
2053967,0020 - Heico - Sigma - 1.avi,How many Sponges appear in this frame? Please provide a number.,1,1,0.99872,4,-0.001281,True,
2052028,0020 - Heico - Sigma - 1.avi,How many different foreign object instances appear in this frame? Please provide a number.,1,1,0.945429,4,-0.056117,True,
2052294,0020 - Heico - Sigma - 1.avi,How many different foreign object instances appear in this frame? Please provide a number.,2,1,0.944343,4,-0.057266,False,
2052767,0020 - Heico - Sigma - 1.avi,How many different foreign object classes appear in this frame? Please provide a number.,1,1,0.946738,4,-0.054733,True,
2052789,0020 - Heico - Sigma - 1.avi,How many different foreign object classes appear in this frame? Please provide a number.,2,1,0.951395,4,-0.049826,False,
2054579,0020 - Heico - Sigma - 1.avi,How many Needles appear in this frame? Please provide a number.,1,1,0.996041,4,-0.003967,True,
2051888,0020 - Heico - Sigma - 1.avi,How many different foreign object instances appear in this frame? Please provide a number.,1,1,0.97154,4,-0.028873,True,
2052005,0020 - Heico - Sigma - 1.avi,How many different foreign object instances appear in this frame? Please provide a number.,2,1,0.885751,4,-0.121319,False,
2052450,0020 - Heico - Sigma - 1.avi,How many different foreign object classes appear in this frame? Please provide a number.,1,2,0.952539,4,-0.048624,False,
2052802,0020 - Heico - Sigma - 1.avi,How many different foreign object classes appear in this frame? Please provide a number.,2,2,0.831652,4,-0.184342,True,
2054228,0020 - Heico - Sigma - 1.avi,How many External drains appear in this frame? Please provide a number.,1,2,0.954947,4,-0.0461,False,
2051824,0020 - Heico - Sigma - 1.avi,How many different foreign object instances appear in this frame? Please provide a number.,1,1,0.977625,4,-0.022629,True,
2052302,0020 - Heico - Sigma - 1.avi,How many different foreign object instances appear in this frame? Please provide a number.,2,1,0.810277,4,-0.210379,False,
2052465,0020 - Heico - Sigma - 1.avi,How many different foreign object classes appear in this frame? Please provide a number.,1,1,0.985132,4,-0.014979,True,
2052796,0020 - Heico - Sigma - 1.avi,How many different foreign object classes appear in this frame? Please provide a number.,2,2,0.899814,4,-0.105567,True,
2054542,0020 - Heico - Sigma - 1.avi,How many Needles appear in this frame? Please provide a number.,1,1,0.996184,4,-0.003823,True,
2051999,0020 - Heico - Sigma - 1.avi,How many different foreign object instances appear in this frame? Please provide a number.,1,1,0.983787,4,-0.016346,True,
2052293,0020 - Heico - Sigma - 1.avi,How many different foreign object instances appear in this frame? Please provide a number.,2,1,0.900884,4,-0.104379,False,
2052475,0020 - Heico - Sigma - 1.avi,How many different foreign object classes appear in this frame? Please provide a number.,1,1,0.986959,4,-0.013127,True,
2053820,0020 - Heico - Sigma - 1.avi,How many Sponges appear in this frame? Please provide a number.,1,1,0.997699,4,-0.002303,True,
2052172,0020 - Heico - Sigma - 1.avi,How many different foreign object instances appear in this frame? Please provide a number.,1,1,0.989943,4,-0.010108,True,
2052289,0020 - Heico - Sigma - 1.avi,How many different foreign object instances appear in this frame? Please provide a number.,2,1,0.864346,4,-0.145782,False,
2052618,0020 - Heico - Sigma - 1.avi,How many different foreign object classes appear in this frame? Please provide a number.,1,1,0.978367,4,-0.021871,True,
2053869,0020 - Heico - Sigma - 1.avi,How many Sponges appear in this frame? Please provide a number.,1,1,0.998907,4,-0.001094,True,
2052264,0020 - Heico - Sigma - 1.avi,How many different foreign object instances appear in this frame? Please provide a number.,1,1,0.994395,4,-0.00562,True,
2052282,0020 - Heico - Sigma - 1.avi,How many different foreign object instances appear in this frame? Please provide a number.,2,1,0.921797,4,-0.08143,False,
2052788,0020 - Heico - Sigma - 1.avi,How many different foreign object classes appear in this frame? Please provide a number.,1,1,0.860802,4,-0.149891,True,
2054181,0020 - Heico - Sigma - 1.avi,How many Sponges appear in this frame? Please provide a number.,1,1,0.9979,4,-0.002102,True,
2114400,0021 - Heico - Sigma - 2.avi,How many different foreign object instances appear in this frame? Please provide a number.,1,2,0.965482,4,-0.035128,False,
2114397,0021 - Heico - Sigma - 2.avi,How many different foreign object instances appear in this frame? Please provide a number.,2,1,0.961506,4,-0.039254,False,
2114444,0021 - Heico - Sigma - 2.avi,How many different foreign object classes appear in this frame? Please provide a number.,1,1,0.991698,4,-0.008337,True,
2115493,0021 - Heico - Sigma - 2.avi,How many Clips appear in this frame? Please provide a number.,1,1,0.825252,4,-0.192067,True,
2115515,0021 - Heico - Sigma - 2.avi,How many Clips appear in this frame? Please provide a number.,2,1,0.86179,4,-0.148744,False,
2114426,0021 - Heico - Sigma - 2.avi,How many different foreign object instances appear in this frame? Please provide a number.,1,2,0.834926,4,-0.180413,False,
2114428,0021 - Heico - Sigma - 2.avi,How many different foreign object instances appear in this frame? Please provide a number.,2,2,0.911735,4,-0.092406,True,
2114493,0021 - Heico - Sigma - 2.avi,How many different foreign object classes appear in this frame? Please provide a number.,1,1,0.981116,4,-0.019065,True,
2115546,0021 - Heico - Sigma - 2.avi,How many Clips appear in this frame? Please provide a number.,1,2,0.946877,4,-0.054586,False,
2115541,0021 - Heico - Sigma - 2.avi,How many Clips appear in this frame? Please provide a number.,2,2,0.970926,4,-0.029505,True,
2114432,0021 - Heico - Sigma - 2.avi,How many different foreign object instances appear in this frame? Please provide a number.,1,1,0.988156,4,-0.011915,True,
2114407,0021 - Heico - Sigma - 2.avi,How many different foreign object instances appear in this frame? Please provide a number.,2,1,0.792442,4,-0.232636,False,
2114499,0021 - Heico - Sigma - 2.avi,How many different foreign object classes appear in this frame? Please provide a number.,1,1,0.990363,4,-0.009684,True,
2115491,0021 - Heico - Sigma - 2.avi,How many External drains appear in this frame? Please provide a number.,1,1,0.996844,4,-0.003161,True,
2115510,0021 - Heico - Sigma - 2.avi,How many Clips appear in this frame? Please provide a number.,2,3,0.894732,4,-0.111231,False,
2114377,0021 - Heico - Sigma - 2.avi,How many different foreign object instances appear in this frame? Please provide a number.,1,1,0.90962,4,-0.094729,True,
2114429,0021 - Heico - Sigma - 2.avi,How many different foreign object instances appear in this frame? Please provide a number.,2,1,0.957882,4,-0.043031,False,
2114474,0021 - Heico - Sigma - 2.avi,How many different foreign object classes appear in this frame? Please provide a number.,1,1,0.974554,4,-0.025775,True,
2115495,0021 - Heico - Sigma - 2.avi,How many Clips appear in this frame? Please provide a number.,1,1,0.860269,4,-0.150511,True,
2115539,0021 - Heico - Sigma - 2.avi,How many Clips appear in this frame? Please provide a number.,2,3,0.962885,4,-0.037822,False,
2114430,0021 - Heico - Sigma - 2.avi,How many different foreign object instances appear in this frame? Please provide a number.,1,1,0.813045,4,-0.206968,True,
2114392,0021 - Heico - Sigma - 2.avi,How many different foreign object instances appear in this frame? Please provide a number.,2,2,0.979996,4,-0.020207,True,
2114491,0021 - Heico - Sigma - 2.avi,How many different foreign object classes appear in this frame? Please provide a number.,1,1,0.977703,4,-0.022549,True,
2115542,0021 - Heico - Sigma - 2.avi,How many Clips appear in this frame? Please provide a number.,1,2,0.922931,4,-0.080201,False,
2115503,0021 - Heico - Sigma - 2.avi,How many Clips appear in this frame? Please provide a number.,2,1,0.972433,4,-0.027954,False,
2114435,0021 - Heico - Sigma - 2.avi,How many different foreign object instances appear in this frame? Please provide a number.,1,1,0.993804,4,-0.006215,True,
2114425,0021 - Heico - Sigma - 2.avi,How many different foreign object instances appear in this frame? Please provide a number.,2,2,0.922859,4,-0.080279,True,
2114503,0021 - Heico - Sigma - 2.avi,How many different foreign object classes appear in this frame? Please provide a number.,1,1,0.993022,4,-0.007002,True,
2115492,0021 - Heico - Sigma - 2.avi,How many External drains appear in this frame? Please provide a number.,1,,,0,,,missing frame
2115545,0021 - Heico - Sigma - 2.avi,How many Clips appear in this frame? Please provide a number.,2,1,0.782195,4,-0.245651,False,
2114378,0021 - Heico - Sigma - 2.avi,How many different foreign object instances appear in this frame? Please provide a number.,1,1,0.989085,4,-0.010975,True,
2114405,0021 - Heico - Sigma - 2.avi,How many different foreign object instances appear in this frame? Please provide a number.,2,2,0.969932,4,-0.030529,True,
2114454,0021 - Heico - Sigma - 2.avi,How many different foreign object classes appear in this frame? Please provide a number.,1,1,0.981435,4,-0.01874,True,
2115498,0021 - Heico - Sigma - 2.avi,How many Clips appear in this frame? Please provide a number.,1,1,0.939221,4,-0.062704,True,
2115531,0021 - Heico - Sigma - 2.avi,How many Clips appear in this frame? Please provide a number.,2,3,0.963425,4,-0.037261,False,
2114427,0021 - Heico - Sigma - 2.avi,How many different foreign object instances appear in this frame? Please provide a number.,1,1,0.893054,4,-0.113108,True,
2114424,0021 - Heico - Sigma - 2.avi,How many different foreign object instances appear in this frame? Please provide a number.,2,1,0.914058,4,-0.089862,False,
2114492,0021 - Heico - Sigma - 2.avi,How many different foreign object classes appear in this frame? Please provide a number.,1,1,0.962646,4,-0.038069,True,
2115543,0021 - Heico - Sigma - 2.avi,How many Clips appear in this frame? Please provide a number.,1,2,0.916443,4,-0.087255,False,
2115544,0021 - Heico - Sigma - 2.avi,How many Clips appear in this frame? Please provide a number.,2,2,0.963947,4,-0.036719,True,
2114433,0021 - Heico - Sigma - 2.avi,How many different foreign object instances appear in this frame? Please provide a number.,1,1,0.991099,4,-0.008941,True,
2114416,0021 - Heico - Sigma - 2.avi,How many different foreign object instances appear in this frame? Please provide a number.,2,3,0.981274,4,-0.018903,False,
2114504,0021 - Heico - Sigma - 2.avi,How many different foreign object classes appear in this frame? Please provide a number.,1,1,0.990377,4,-0.009669,True,
2115484,0021 - Heico - Sigma - 2.avi,How many External drains appear in this frame? Please provide a number.,1,1,0.996547,4,-0.003459,True,
2115513,0021 - Heico - Sigma - 2.avi,How many Clips appear in this frame? Please provide a number.,2,1,0.861201,4,-0.149428,False,
2114382,0021 - Heico - Sigma - 2.avi,How many different foreign object instances appear in this frame? Please provide a number.,1,1,0.952191,4,-0.048989,True,
2114422,0021 - Heico - Sigma - 2.avi,How many different foreign object instances appear in this frame? Please provide a number.,2,2,0.854719,4,-0.156983,True,
2114451,0021 - Heico - Sigma - 2.avi,How many different foreign object classes appear in this frame? Please provide a number.,1,1,0.985179,4,-0.014932,True,
2115497,0021 - Heico - Sigma - 2.avi,How many Clips appear in this frame? Please provide a number.,1,2,0.880476,4,-0.127292,False,
2115538,0021 - Heico - Sigma - 2.avi,How many Clips appear in this frame? Please provide a number.,2,2,0.848575,4,-0.164196,True,
2114442,0021 - Heico - Sigma - 2.avi,How many different foreign object instances appear in this frame? Please provide a number.,1,,,0,,,missing frame
2114385,0021 - Heico - Sigma - 2.avi,How many different foreign object instances appear in this frame? Please provide a number.,2,3,0.849197,4,-0.163464,False,
2114495,0021 - Heico - Sigma - 2.avi,How many different foreign object classes appear in this frame? Please provide a number.,1,1,0.966856,4,-0.033706,True,
2115488,0021 - Heico - Sigma - 2.avi,How many External drains appear in this frame? Please provide a number.,1,1,0.996328,4,-0.003679,True,
2115528,0021 - Heico - Sigma - 2.avi,How many Clips appear in this frame? Please provide a number.,2,3,0.953595,4,-0.047516,False,
2114379,0021 - Heico - Sigma - 2.avi,How many different foreign object instances appear in this frame? Please provide a number.,1,1,0.89096,4,-0.115456,True,
2114423,0021 - Heico - Sigma - 2.avi,How many different foreign object instances appear in this frame? Please provide a number.,2,3,0.918758,4,-0.084732,False,
2114505,0021 - Heico - Sigma - 2.avi,How many different foreign object classes appear in this frame? Please provide a number.,1,1,0.99204,4,-0.007992,True,
2115494,0021 - Heico - Sigma - 2.avi,How many Clips appear in this frame? Please provide a number.,1,1,0.98692,4,-0.013166,True,
2115540,0021 - Heico - Sigma - 2.avi,How many Clips appear in this frame? Please provide a number.,2,3,0.848899,4,-0.163815,False,
2114438,0021 - Heico - Sigma - 2.avi,How many different foreign object instances appear in this frame? Please provide a number.,1,1,0.993093,4,-0.006931,True,
2114395,0021 - Heico - Sigma - 2.avi,How many different foreign object instances appear in this frame? Please provide a number.,2,2,0.951085,4,-0.050151,True,
2114456,0021 - Heico - Sigma - 2.avi,How many different foreign object classes appear in this frame? Please provide a number.,1,1,0.920906,4,-0.082398,True,
2115482,0021 - Heico - Sigma - 2.avi,How many External drains appear in this frame? Please provide a number.,1,1,0.996691,4,-0.003314,True,
2115529,0021 - Heico - Sigma - 2.avi,How many Clips appear in this frame? Please provide a number.,2,2,0.847843,4,-0.165059,True,
2114408,0021 - Heico - Sigma - 2.avi,How many different foreign object instances appear in this frame? Please provide a number.,1,1,0.931641,4,-0.070807,True,
2114414,0021 - Heico - Sigma - 2.avi,How many different foreign object instances appear in this frame? Please provide a number.,2,3,0.955208,4,-0.045827,False,
2114488,0021 - Heico - Sigma - 2.avi,How many different foreign object classes appear in this frame? Please provide a number.,1,1,0.974281,4,-0.026055,True,
2115499,0021 - Heico - Sigma - 2.avi,How many Clips appear in this frame? Please provide a number.,1,1,0.869423,4,-0.139925,True,
2115523,0021 - Heico - Sigma - 2.avi,How many Clips appear in this frame? Please provide a number.,2,2,0.927138,4,-0.075653,True,
2114437,0021 - Heico - Sigma - 2.avi,How many different foreign object instances appear in this frame? Please provide a number.,1,1,0.994604,4,-0.00541,True,
2114390,0021 - Heico - Sigma - 2.avi,How many different foreign object instances appear in this frame? Please provide a number.,2,2,0.883581,4,-0.123772,True,
2114501,0021 - Heico - Sigma - 2.avi,How many different foreign object classes appear in this frame? Please provide a number.,1,1,0.988511,4,-0.011556,True,
2115481,0021 - Heico - Sigma - 2.avi,How many External drains appear in this frame? Please provide a number.,1,1,0.986564,4,-0.013528,True,
2115519,0021 - Heico - Sigma - 2.avi,How many Clips appear in this frame? Please provide a number.,2,3,0.850055,4,-0.162454,False,
2114380,0021 - Heico - Sigma - 2.avi,How many different foreign object instances appear in this frame? Please provide a number.,1,1,0.980845,4,-0.01934,True,
2114420,0021 - Heico - Sigma - 2.avi,How many different foreign object instances appear in this frame? Please provide a number.,2,4,0.867046,4,-0.142663,False,
2114480,0021 - Heico - Sigma - 2.avi,How many different foreign object classes appear in this frame? Please provide a number.,1,1,0.983865,4,-0.016267,True,
2115496,0021 - Heico - Sigma - 2.avi,How many Clips appear in this frame? Please provide a number.,1,1,0.980259,4,-0.019938,True,
2115530,0021 - Heico - Sigma - 2.avi,How many Clips appear in this frame? Please provide a number.,2,3,0.958284,4,-0.042611,False,
2114439,0021 - Heico - Sigma - 2.avi,How many different foreign object instances appear in this frame? Please provide a number.,1,1,0.99071,4,-0.009333,True,
2114396,0021 - Heico - Sigma - 2.avi,How many different foreign object instances appear in this frame? Please provide a number.,2,3,0.933426,4,-0.068894,False,
2114496,0021 - Heico - Sigma - 2.avi,How many different foreign object classes appear in this frame? Please provide a number.,1,1,0.970254,4,-0.030197,True,
2115487,0021 - Heico - Sigma - 2.avi,How many External drains appear in this frame? Please provide a number.,1,1,0.996802,4,-0.003203,True,
2115521,0021 - Heico - Sigma - 2.avi,How many Clips appear in this frame? Please provide a number.,2,2,0.97862,4,-0.021612,True,
2114383,0021 - Heico - Sigma - 2.avi,How many different foreign object instances appear in this frame? Please provide a number.,1,1,0.940514,4,-0.061329,True,
2114394,0021 - Heico - Sigma - 2.avi,How many different foreign object instances appear in this frame? Please provide a number.,2,3,0.860059,4,-0.150754,False,
2114508,0021 - Heico - Sigma - 2.avi,How many different foreign object classes appear in this frame? Please provide a number.,1,,,0,,,missing frame
2115504,0021 - Heico - Sigma - 2.avi,How many Clips appear in this frame? Please provide a number.,1,1,0.948805,4,-0.052552,True,
2115508,0021 - Heico - Sigma - 2.avi,How many Clips appear in this frame? Please provide a number.,2,2,0.982611,4,-0.017542,True,
2114434,0021 - Heico - Sigma - 2.avi,How many different foreign object instances appear in this frame? Please provide a number.,1,1,0.990807,4,-0.009236,True,
2114401,0021 - Heico - Sigma - 2.avi,How many different foreign object instances appear in this frame? Please provide a number.,2,2,0.985543,4,-0.014563,True,
2114470,0021 - Heico - Sigma - 2.avi,How many different foreign object classes appear in this frame? Please provide a number.,1,1,0.985279,4,-0.01483,True,
2115489,0021 - Heico - Sigma - 2.avi,How many External drains appear in this frame? Please provide a number.,1,1,0.996252,4,-0.003755,True,
2115512,0021 - Heico - Sigma - 2.avi,How many Clips appear in this frame? Please provide a number.,2,3,0.956588,4,-0.044382,False,
2114388,0021 - Heico - Sigma - 2.avi,How many different foreign object instances appear in this frame? Please provide a number.,1,1,0.949284,4,-0.052048,True,
2114413,0021 - Heico - Sigma - 2.avi,How many different foreign object instances appear in this frame? Please provide a number.,2,2,0.881938,4,-0.125633,True,
2114490,0021 - Heico - Sigma - 2.avi,How many different foreign object classes appear in this frame? Please provide a number.,1,1,0.948271,4,-0.053115,True,
2115505,0021 - Heico - Sigma - 2.avi,How many Clips appear in this frame? Please provide a number.,1,2,0.985426,4,-0.014681,False,
2115527,0021 - Heico - Sigma - 2.avi,How many Clips appear in this frame? Please provide a number.,2,3,0.975002,4,-0.025316,False,
2114431,0021 - Heico - Sigma - 2.avi,How many different foreign object instances appear in this frame? Please provide a number.,1,1,0.973203,4,-0.027163,True,
2114391,0021 - Heico - Sigma - 2.avi,How many different foreign object instances appear in this frame? Please provide a number.,2,1,0.829915,4,-0.186432,False,
2114507,0021 - Heico - Sigma - 2.avi,How many different foreign object classes appear in this frame? Please provide a number.,1,1,0.988337,4,-0.011731,True,
2115490,0021 - Heico - Sigma - 2.avi,How many External drains appear in this frame? Please provide a number.,1,1,0.997676,4,-0.002327,True,
2115502,0021 - Heico - Sigma - 2.avi,How many Clips appear in this frame? Please provide a number.,2,2,0.86057,4,-0.150161,True,
2114381,0021 - Heico - Sigma - 2.avi,How many different foreign object instances appear in this frame? Please provide a number.,1,1,0.888636,4,-0.118067,True,
2114384,0021 - Heico - Sigma - 2.avi,How many different foreign object instances appear in this frame? Please provide a number.,2,3,0.940518,4,-0.061325,False,
2114448,0021 - Heico - Sigma - 2.avi,How many different foreign object classes appear in this frame? Please provide a number.,1,1,0.986735,4,-0.013354,True,
2115516,0021 - Heico - Sigma - 2.avi,How many Clips appear in this frame? Please provide a number.,1,2,0.94856,4,-0.052811,False,
2115522,0021 - Heico - Sigma - 2.avi,How many Clips appear in this frame? Please provide a number.,2,2,0.848134,4,-0.164717,True,
2114441,0021 - Heico - Sigma - 2.avi,How many different foreign object instances appear in this frame? Please provide a number.,1,1,0.990406,4,-0.009641,True,
2114410,0021 - Heico - Sigma - 2.avi,How many different foreign object instances appear in this frame? Please provide a number.,2,3,0.985234,4,-0.014876,False,
2114494,0021 - Heico - Sigma - 2.avi,How many different foreign object classes appear in this frame? Please provide a number.,1,1,0.975851,4,-0.024445,True,
2115483,0021 - Heico - Sigma - 2.avi,How many External drains appear in this frame? Please provide a number.,1,1,0.996729,4,-0.003276,True,
2115517,0021 - Heico - Sigma - 2.avi,How many Clips appear in this frame? Please provide a number.,2,2,0.978585,4,-0.021647,True,
2114389,0021 - Heico - Sigma - 2.avi,How many different foreign object instances appear in this frame? Please provide a number.,1,2,0.984952,4,-0.015162,False,
2114419,0021 - Heico - Sigma - 2.avi,How many different foreign object instances appear in this frame? Please provide a number.,2,3,0.950107,4,-0.05118,False,
2114506,0021 - Heico - Sigma - 2.avi,How many different foreign object classes appear in this frame? Please provide a number.,1,1,0.993481,4,-0.006541,True,
2115524,0021 - Heico - Sigma - 2.avi,How many Clips appear in this frame? Please provide a number.,1,2,0.816049,4,-0.203281,False,
2115520,0021 - Heico - Sigma - 2.avi,How many Clips appear in this frame? Please provide a number.,2,2,0.958978,4,-0.041887,True,
2114440,0021 - Heico - Sigma - 2.avi,How many different foreign object instances appear in this frame? Please provide a number.,1,1,0.994875,4,-0.005138,True,
2114417,0021 - Heico - Sigma - 2.avi,How many different foreign object instances appear in this frame? Please provide a number.,2,3,0.984521,4,-0.0156,False,
2114453,0021 - Heico - Sigma - 2.avi,How many different foreign object classes appear in this frame? Please provide a number.,1,1,0.983305,4,-0.016835,True,
2115486,0021 - Heico - Sigma - 2.avi,How many External drains appear in this frame? Please provide a number.,1,1,0.996492,4,-0.003514,True,
2115501,0021 - Heico - Sigma - 2.avi,How many Clips appear in this frame? Please provide a number.,2,3,0.889388,4,-0.117222,False,
2114436,0021 - Heico - Sigma - 2.avi,How many different foreign object instances appear in this frame? Please provide a number.,1,1,0.993961,4,-0.006058,True,
2114403,0021 - Heico - Sigma - 2.avi,How many different foreign object instances appear in this frame? Please provide a number.,2,2,0.870325,4,-0.138889,True,
2114489,0021 - Heico - Sigma - 2.avi,How many different foreign object classes appear in this frame? Please provide a number.,1,1,0.984649,4,-0.01547,True,
2115485,0021 - Heico - Sigma - 2.avi,How many External drains appear in this frame? Please provide a number.,1,1,0.997715,4,-0.002287,True,
2115536,0021 - Heico - Sigma - 2.avi,How many Clips appear in this frame? Please provide a number.,2,3,0.844956,4,-0.16847,False,
2114415,0021 - Heico - Sigma - 2.avi,How many different foreign object instances appear in this frame? Please provide a number.,2,3,0.955815,4,-0.045191,False,
2114502,0021 - Heico - Sigma - 2.avi,How many different foreign object classes appear in this frame? Please provide a number.,1,1,0.990047,4,-0.010003,True,
2115500,0021 - Heico - Sigma - 2.avi,How many Clips appear in this frame? Please provide a number.,2,3,0.933811,4,-0.068481,False,
2114386,0021 - Heico - Sigma - 2.avi,How many different foreign object instances appear in this frame? Please provide a number.,2,2,0.857782,4,-0.153406,True,
2114460,0021 - Heico - Sigma - 2.avi,How many different foreign object classes appear in this frame? Please provide a number.,1,1,0.979896,4,-0.020309,True,
2115535,0021 - Heico - Sigma - 2.avi,How many Clips appear in this frame? Please provide a number.,2,3,0.950299,4,-0.050978,False,
2114418,0021 - Heico - Sigma - 2.avi,How many different foreign object instances appear in this frame? Please provide a number.,2,3,0.954414,4,-0.046658,False,
2114497,0021 - Heico - Sigma - 2.avi,How many different foreign object classes appear in this frame? Please provide a number.,1,1,0.978683,4,-0.021547,True,
2115511,0021 - Heico - Sigma - 2.avi,How many Clips appear in this frame? Please provide a number.,2,2,0.967682,4,-0.032852,True,
2114393,0021 - Heico - Sigma - 2.avi,How many different foreign object instances appear in this frame? Please provide a number.,2,3,0.866462,4,-0.143337,False,
2114486,0021 - Heico - Sigma - 2.avi,How many different foreign object classes appear in this frame? Please provide a number.,1,1,0.833363,4,-0.182286,True,
2115509,0021 - Heico - Sigma - 2.avi,How many Clips appear in this frame? Please provide a number.,2,3,0.903678,4,-0.101283,False,
2114398,0021 - Heico - Sigma - 2.avi,How many different foreign object instances appear in this frame? Please provide a number.,2,2,0.954246,4,-0.046834,True,
2114498,0021 - Heico - Sigma - 2.avi,How many different foreign object classes appear in this frame? Please provide a number.,1,1,0.98245,4,-0.017706,True,
2115518,0021 - Heico - Sigma - 2.avi,How many Clips appear in this frame? Please provide a number.,2,2,0.934548,4,-0.067692,True,
2114387,0021 - Heico - Sigma - 2.avi,How many different foreign object instances appear in this frame? Please provide a number.,2,1,0.975827,4,-0.02447,False,
2114487,0021 - Heico - Sigma - 2.avi,How many different foreign object classes appear in this frame? Please provide a number.,1,1,0.965872,4,-0.034724,True,
2115525,0021 - Heico - Sigma - 2.avi,How many Clips appear in this frame? Please provide a number.,2,3,0.993916,4,-0.006103,False,
2114399,0021 - Heico - Sigma - 2.avi,How many different foreign object instances appear in this frame? Please provide a number.,2,1,0.905971,4,-0.098748,False,
2114500,0021 - Heico - Sigma - 2.avi,How many different foreign object classes appear in this frame? Please provide a number.,1,1,0.986418,4,-0.013675,True,
2115533,0021 - Heico - Sigma - 2.avi,How many Clips appear in this frame? Please provide a number.,2,3,0.97959,4,-0.020621,False,
2114409,0021 - Heico - Sigma - 2.avi,How many different foreign object instances appear in this frame? Please provide a number.,2,3,0.994811,4,-0.005202,False,
2114472,0021 - Heico - Sigma - 2.avi,How many different foreign object classes appear in this frame? Please provide a number.,1,1,0.967404,4,-0.03314,True,
2115506,0021 - Heico - Sigma - 2.avi,How many Clips appear in this frame? Please provide a number.,2,2,0.891491,4,-0.11486,True,
2114404,0021 - Heico - Sigma - 2.avi,How many different foreign object instances appear in this frame? Please provide a number.,2,2,0.957343,4,-0.043593,True,
2114482,0021 - Heico - Sigma - 2.avi,How many different foreign object classes appear in this frame? Please provide a number.,1,1,0.973285,4,-0.027079,True,
2115507,0021 - Heico - Sigma - 2.avi,How many Clips appear in this frame? Please provide a number.,2,2,0.843634,4,-0.170036,True,
2114411,0021 - Heico - Sigma - 2.avi,How many different foreign object instances appear in this frame? Please provide a number.,2,3,0.952169,4,-0.049013,False,
2114445,0021 - Heico - Sigma - 2.avi,How many different foreign object classes appear in this frame? Please provide a number.,1,1,0.98807,4,-0.012002,True,
2115537,0021 - Heico - Sigma - 2.avi,How many Clips appear in this frame? Please provide a number.,2,1,0.825759,4,-0.191453,False,
2114412,0021 - Heico - Sigma - 2.avi,How many different foreign object instances appear in this frame? Please provide a number.,2,3,0.932296,4,-0.070105,False,
2114449,0021 - Heico - Sigma - 2.avi,How many different foreign object classes appear in this frame? Please provide a number.,1,1,0.99239,4,-0.007639,True,
2115532,0021 - Heico - Sigma - 2.avi,How many Clips appear in this frame? Please provide a number.,2,3,0.98045,4,-0.019743,False,
2114402,0021 - Heico - Sigma - 2.avi,How many different foreign object instances appear in this frame? Please provide a number.,2,2,0.944104,4,-0.057519,True,
2114459,0021 - Heico - Sigma - 2.avi,How many different foreign object classes appear in this frame? Please provide a number.,1,1,0.985946,4,-0.014154,True,
2115534,0021 - Heico - Sigma - 2.avi,How many Clips appear in this frame? Please provide a number.,2,3,0.938657,4,-0.063305,False,
2114421,0021 - Heico - Sigma - 2.avi,How many different foreign object instances appear in this frame? Please provide a number.,2,1,0.910389,4,-0.093883,False,
2114484,0021 - Heico - Sigma - 2.avi,How many different foreign object classes appear in this frame? Please provide a number.,1,1,0.987928,4,-0.012145,True,
2115526,0021 - Heico - Sigma - 2.avi,How many Clips appear in this frame? Please provide a number.,2,3,0.985471,4,-0.014636,False,
2114406,0021 - Heico - Sigma - 2.avi,How many different foreign object instances appear in this frame? Please provide a number.,2,1,0.869444,4,-0.139902,False,
2114477,0021 - Heico - Sigma - 2.avi,How many different foreign object classes appear in this frame? Please provide a number.,1,1,0.98339,4,-0.016749,True,
2115514,0021 - Heico - Sigma - 2.avi,How many Clips appear in this frame? Please provide a number.,2,2,0.969356,4,-0.031123,True,
2114466,0021 - Heico - Sigma - 2.avi,How many different foreign object classes appear in this frame? Please provide a number.,1,1,0.988108,4,-0.011964,True,
2114478,0021 - Heico - Sigma - 2.avi,How many different foreign object classes appear in this frame? Please provide a number.,1,1,0.987598,4,-0.01248,True,
2114483,0021 - Heico - Sigma - 2.avi,How many different foreign object classes appear in this frame? Please provide a number.,1,1,0.983629,4,-0.016507,True,
2114473,0021 - Heico - Sigma - 2.avi,How many different foreign object classes appear in this frame? Please provide a number.,1,1,0.965527,4,-0.035081,True,
2114455,0021 - Heico - Sigma - 2.avi,How many different foreign object classes appear in this frame? Please provide a number.,1,1,0.993036,4,-0.006988,True,
2114447,0021 - Heico - Sigma - 2.avi,How many different foreign object classes appear in this frame? Please provide a number.,1,1,0.979828,4,-0.020378,True,
2114476,0021 - Heico - Sigma - 2.avi,How many different foreign object classes appear in this frame? Please provide a number.,1,1,0.981553,4,-0.018619,True,
2114469,0021 - Heico - Sigma - 2.avi,How many different foreign object classes appear in this frame? Please provide a number.,1,1,0.979481,4,-0.020732,True,
2114464,0021 - Heico - Sigma - 2.avi,How many different foreign object classes appear in this frame? Please provide a number.,1,1,0.985507,4,-0.014599,True,
2114468,0021 - Heico - Sigma - 2.avi,How many different foreign object classes appear in this frame? Please provide a number.,1,1,0.987024,4,-0.013061,True,
2114481,0021 - Heico - Sigma - 2.avi,How many different foreign object classes appear in this frame? Please provide a number.,1,1,0.985371,4,-0.014737,True,
2114443,0021 - Heico - Sigma - 2.avi,How many different foreign object classes appear in this frame? Please provide a number.,1,1,0.985514,4,-0.014592,True,
2114475,0021 - Heico - Sigma - 2.avi,How many different foreign object classes appear in this frame? Please provide a number.,1,1,0.987085,4,-0.012999,True,
2114446,0021 - Heico - Sigma - 2.avi,How many different foreign object classes appear in this frame? Please provide a number.,1,1,0.987277,4,-0.012805,True,
2114461,0021 - Heico - Sigma - 2.avi,How many different foreign object classes appear in this frame? Please provide a number.,1,1,0.983748,4,-0.016386,True,
2156481,0022 - Heico - Sigma - 3.avi,How many different foreign object instances appear in this frame? Please provide a number.,1,1,0.997277,4,-0.002727,True,
2156741,0022 - Heico - Sigma - 3.avi,How many different foreign object instances appear in this frame? Please provide a number.,2,1,0.994059,4,-0.005959,False,
2156533,0022 - Heico - Sigma - 3.avi,How many different foreign object instances appear in this frame? Please provide a number.,3,3,0.997849,4,-0.002153,True,
2156541,0022 - Heico - Sigma - 3.avi,How many different foreign object instances appear in this frame? Please provide a number.,4,4,0.962784,4,-0.037926,True,
2156880,0022 - Heico - Sigma - 3.avi,How many different foreign object instances appear in this frame? Please provide a number.,5,6,0.874537,4,-0.13406,False,
2156929,0022 - Heico - Sigma - 3.avi,How many different foreign object classes appear in this frame? Please provide a number.,1,1,0.995136,4,-0.004876,True,
2157240,0022 - Heico - Sigma - 3.avi,How many different foreign object classes appear in this frame? Please provide a number.,2,1,0.995963,4,-0.004045,False,
2159124,0022 - Heico - Sigma - 3.avi,How many Clips appear in this frame? Please provide a number.,1,1,0.814901,4,-0.204689,True,
2159147,0022 - Heico - Sigma - 3.avi,How many Clips appear in this frame? Please provide a number.,2,2,0.949256,4,-0.052077,True,
2159005,0022 - Heico - Sigma - 3.avi,How many Clips appear in this frame? Please provide a number.,3,3,0.997672,4,-0.002331,True,
2159011,0022 - Heico - Sigma - 3.avi,How many Clips appear in this frame? Please provide a number.,4,3,0.897411,4,-0.108241,False,
2159404,0022 - Heico - Sigma - 3.avi,How many Clips appear in this frame? Please provide a number.,5,4,0.973492,4,-0.026866,False,
2156575,0022 - Heico - Sigma - 3.avi,How many different foreign object instances appear in this frame? Please provide a number.,1,1,0.968299,4,-0.032214,True,
2156491,0022 - Heico - Sigma - 3.avi,How many different foreign object instances appear in this frame? Please provide a number.,2,1,0.992147,4,-0.007884,False,
2156498,0022 - Heico - Sigma - 3.avi,How many different foreign object instances appear in this frame? Please provide a number.,3,1,0.971357,4,-0.029061,False,
2156446,0022 - Heico - Sigma - 3.avi,How many different foreign object instances appear in this frame? Please provide a number.,4,5,0.820204,4,-0.198202,False,
2156623,0022 - Heico - Sigma - 3.avi,How many different foreign object instances appear in this frame? Please provide a number.,5,5,0.866431,4,-0.143373,True,
2157276,0022 - Heico - Sigma - 3.avi,How many different foreign object classes appear in this frame? Please provide a number.,1,1,0.949861,4,-0.05144,True,
2157280,0022 - Heico - Sigma - 3.avi,How many different foreign object classes appear in this frame? Please provide a number.,2,1,0.993153,4,-0.00687,False,
2158784,0022 - Heico - Sigma - 3.avi,How many Sponges appear in this frame? Please provide a number.,1,1,0.997798,4,-0.002205,True,
2159154,0022 - Heico - Sigma - 3.avi,How many Clips appear in this frame? Please provide a number.,2,2,0.963323,4,-0.037367,True,
2159418,0022 - Heico - Sigma - 3.avi,How many Clips appear in this frame? Please provide a number.,3,3,0.879338,4,-0.128585,True,
2159373,0022 - Heico - Sigma - 3.avi,How many Clips appear in this frame? Please provide a number.,4,2,0.840053,4,-0.17429,False,
2159423,0022 - Heico - Sigma - 3.avi,How many Clips appear in this frame? Please provide a number.,5,4,0.973715,4,-0.026637,False,
2156823,0022 - Heico - Sigma - 3.avi,How many different foreign object instances appear in this frame? Please provide a number.,1,1,0.997384,4,-0.002619,True,
2156684,0022 - Heico - Sigma - 3.avi,How many different foreign object instances appear in this frame? Please provide a number.,2,2,0.93801,4,-0.063995,True,
2156777,0022 - Heico - Sigma - 3.avi,How many different foreign object instances appear in this frame? Please provide a number.,3,1,0.762558,4,-0.271076,False,
2156530,0022 - Heico - Sigma - 3.avi,How many different foreign object instances appear in this frame? Please provide a number.,4,3,0.979658,4,-0.020552,False,
2157319,0022 - Heico - Sigma - 3.avi,How many different foreign object classes appear in this frame? Please provide a number.,1,1,0.994114,4,-0.005904,True,
2157361,0022 - Heico - Sigma - 3.avi,How many different foreign object classes appear in this frame? Please provide a number.,2,1,0.956778,4,-0.044184,False,
2158823,0022 - Heico - Sigma - 3.avi,How many Sponges appear in this frame? Please provide a number.,1,1,0.99703,4,-0.002974,True,
2159338,0022 - Heico - Sigma - 3.avi,How many Clips appear in this frame? Please provide a number.,2,2,0.992247,4,-0.007783,True,
2159004,0022 - Heico - Sigma - 3.avi,How many Clips appear in this frame? Please provide a number.,3,2,0.979244,4,-0.020974,False,
2159027,0022 - Heico - Sigma - 3.avi,How many Clips appear in this frame? Please provide a number.,4,3,0.924601,4,-0.078393,False,
2159409,0022 - Heico - Sigma - 3.avi,How many Clips appear in this frame? Please provide a number.,5,5,0.965711,4,-0.03489,True,
2156427,0022 - Heico - Sigma - 3.avi,How many different foreign object instances appear in this frame? Please provide a number.,1,1,0.97535,4,-0.024959,True,
2156536,0022 - Heico - Sigma - 3.avi,How many different foreign object instances appear in this frame? Please provide a number.,2,3,0.822122,4,-0.195866,False,
2156773,0022 - Heico - Sigma - 3.avi,How many different foreign object instances appear in this frame? Please provide a number.,3,2,0.986529,4,-0.013563,False,
2156557,0022 - Heico - Sigma - 3.avi,How many different foreign object instances appear in this frame? Please provide a number.,4,3,0.993225,4,-0.006798,False,
2157315,0022 - Heico - Sigma - 3.avi,How many different foreign object classes appear in this frame? Please provide a number.,1,1,0.979556,4,-0.020656,True,
2157193,0022 - Heico - Sigma - 3.avi,How many different foreign object classes appear in this frame? Please provide a number.,2,1,0.982659,4,-0.017493,False,
2159214,0022 - Heico - Sigma - 3.avi,How many Clips appear in this frame? Please provide a number.,1,1,0.878636,4,-0.129385,True,
2158519,0022 - Heico - Sigma - 3.avi,How many Sponges appear in this frame? Please provide a number.,2,1,0.972925,4,-0.027448,False,
2159358,0022 - Heico - Sigma - 3.avi,How many Clips appear in this frame? Please provide a number.,3,3,0.991318,4,-0.00872,True,
2159412,0022 - Heico - Sigma - 3.avi,How many Clips appear in this frame? Please provide a number.,4,4,0.901817,4,-0.103344,True,
2159422,0022 - Heico - Sigma - 3.avi,How many Clips appear in this frame? Please provide a number.,5,3,0.964565,4,-0.036078,False,
2156646,0022 - Heico - Sigma - 3.avi,How many different foreign object instances appear in this frame? Please provide a number.,1,2,0.851435,4,-0.160832,False,
2156749,0022 - Heico - Sigma - 3.avi,How many different foreign object instances appear in this frame? Please provide a number.,2,1,0.996776,4,-0.003229,False,
2156780,0022 - Heico - Sigma - 3.avi,How many different foreign object instances appear in this frame? Please provide a number.,3,3,0.850494,4,-0.161938,True,
2156537,0022 - Heico - Sigma - 3.avi,How many different foreign object instances appear in this frame? Please provide a number.,4,4,0.991174,4,-0.008865,True,
2157380,0022 - Heico - Sigma - 3.avi,How many different foreign object classes appear in this frame? Please provide a number.,1,1,0.976093,4,-0.024197,True,
2157201,0022 - Heico - Sigma - 3.avi,How many different foreign object classes appear in this frame? Please provide a number.,2,2,0.970485,4,-0.029959,True,
2159245,0022 - Heico - Sigma - 3.avi,How many Clips appear in this frame? Please provide a number.,1,2,0.81619,4,-0.203108,False,
2159019,0022 - Heico - Sigma - 3.avi,How many Clips appear in this frame? Please provide a number.,2,3,0.876091,4,-0.132286,False,
2159025,0022 - Heico - Sigma - 3.avi,How many Clips appear in this frame? Please provide a number.,3,4,0.858176,4,-0.152946,False,
2159026,0022 - Heico - Sigma - 3.avi,How many Clips appear in this frame? Please provide a number.,4,4,0.842807,4,-0.171017,True,
2156412,0022 - Heico - Sigma - 3.avi,How many different foreign object instances appear in this frame? Please provide a number.,1,1,0.994182,4,-0.005835,True,
2156566,0022 - Heico - Sigma - 3.avi,How many different foreign object instances appear in this frame? Please provide a number.,2,1,0.988149,4,-0.011922,False,
2156441,0022 - Heico - Sigma - 3.avi,How many different foreign object instances appear in this frame? Please provide a number.,3,2,0.936765,4,-0.065323,False,
2156999,0022 - Heico - Sigma - 3.avi,How many different foreign object classes appear in this frame? Please provide a number.,1,1,0.98018,4,-0.020019,True,
2157015,0022 - Heico - Sigma - 3.avi,How many different foreign object classes appear in this frame? Please provide a number.,2,2,0.949701,4,-0.051608,True,
2158521,0022 - Heico - Sigma - 3.avi,How many Sponges appear in this frame? Please provide a number.,1,1,0.997733,4,-0.00227,True,
2159153,0022 - Heico - Sigma - 3.avi,How many Clips appear in this frame? Please provide a number.,2,2,0.920235,4,-0.083126,True,
2159421,0022 - Heico - Sigma - 3.avi,How many Clips appear in this frame? Please provide a number.,3,2,0.873135,4,-0.135665,False,
2159400,0022 - Heico - Sigma - 3.avi,How many Clips appear in this frame? Please provide a number.,4,4,0.845554,4,-0.167763,True,
2156816,0022 - Heico - Sigma - 3.avi,How many different foreign object instances appear in this frame? Please provide a number.,1,1,0.983832,4,-0.0163,True,
2156762,0022 - Heico - Sigma - 3.avi,How many different foreign object instances appear in this frame? Please provide a number.,2,1,0.933145,4,-0.069195,False,
2156505,0022 - Heico - Sigma - 3.avi,How many different foreign object instances appear in this frame? Please provide a number.,3,4,0.932535,4,-0.069849,False,
2157114,0022 - Heico - Sigma - 3.avi,How many different foreign object classes appear in this frame? Please provide a number.,1,1,0.976575,4,-0.023704,True,
2157120,0022 - Heico - Sigma - 3.avi,How many different foreign object classes appear in this frame? Please provide a number.,2,2,0.864888,4,-0.145155,True,
2158740,0022 - Heico - Sigma - 3.avi,How many Sponges appear in this frame? Please provide a number.,1,1,0.99752,4,-0.002483,True,
2159353,0022 - Heico - Sigma - 3.avi,How many Clips appear in this frame? Please provide a number.,2,2,0.984584,4,-0.015536,True,
2159006,0022 - Heico - Sigma - 3.avi,How many Clips appear in this frame? Please provide a number.,3,4,0.994874,4,-0.005139,False,
2159021,0022 - Heico - Sigma - 3.avi,How many Clips appear in this frame? Please provide a number.,4,2,0.899133,4,-0.106325,False,
2156431,0022 - Heico - Sigma - 3.avi,How many different foreign object instances appear in this frame? Please provide a number.,1,2,0.844573,4,-0.168924,False,
2156430,0022 - Heico - Sigma - 3.avi,How many different foreign object instances appear in this frame? Please provide a number.,2,1,0.964151,4,-0.036507,False,
2156579,0022 - Heico - Sigma - 3.avi,How many different foreign object instances appear in this frame? Please provide a number.,3,2,0.86304,4,-0.147295,False,
2157344,0022 - Heico - Sigma - 3.avi,How many different foreign object classes appear in this frame? Please provide a number.,1,1,0.975577,4,-0.024726,True,
2157272,0022 - Heico - Sigma - 3.avi,How many different foreign object classes appear in this frame? Please provide a number.,2,1,0.988866,4,-0.011196,False,
2158957,0022 - Heico - Sigma - 3.avi,How many External drains appear in this frame? Please provide a number.,1,1,0.998456,4,-0.001545,True,
2159151,0022 - Heico - Sigma - 3.avi,How many Clips appear in this frame? Please provide a number.,2,3,0.934982,4,-0.067228,False,
2159419,0022 - Heico - Sigma - 3.avi,How many Clips appear in this frame? Please provide a number.,3,3,0.92683,4,-0.075985,True,
2159377,0022 - Heico - Sigma - 3.avi,How many Clips appear in this frame? Please provide a number.,4,3,0.988688,4,-0.011376,False,
2156422,0022 - Heico - Sigma - 3.avi,How many different foreign object instances appear in this frame? Please provide a number.,1,1,0.99761,4,-0.002393,True,
2156732,0022 - Heico - Sigma - 3.avi,How many different foreign object instances appear in this frame? Please provide a number.,2,1,0.994628,4,-0.005386,False,
2156819,0022 - Heico - Sigma - 3.avi,How many different foreign object instances appear in this frame? Please provide a number.,3,3,0.892118,4,-0.114157,True,
2157098,0022 - Heico - Sigma - 3.avi,How many different foreign object classes appear in this frame? Please provide a number.,1,1,0.990386,4,-0.00966,True,
2157075,0022 - Heico - Sigma - 3.avi,How many different foreign object classes appear in this frame? Please provide a number.,2,2,0.987931,4,-0.012143,True,
2158994,0022 - Heico - Sigma - 3.avi,How many Clips appear in this frame? Please provide a number.,1,1,0.980031,4,-0.020171,True,
2159328,0022 - Heico - Sigma - 3.avi,How many Clips appear in this frame? Please provide a number.,2,2,0.985231,4,-0.014879,True,
2159018,0022 - Heico - Sigma - 3.avi,How many Clips appear in this frame? Please provide a number.,3,5,0.844083,4,-0.169505,False,
2159024,0022 - Heico - Sigma - 3.avi,How many Clips appear in this frame? Please provide a number.,4,2,0.864376,4,-0.145747,False,
2156490,0022 - Heico - Sigma - 3.avi,How many different foreign object instances appear in this frame? Please provide a number.,1,1,0.994077,4,-0.005941,True,
2156525,0022 - Heico - Sigma - 3.avi,How many different foreign object instances appear in this frame? Please provide a number.,2,1,0.986272,4,-0.013823,False,
2156785,0022 - Heico - Sigma - 3.avi,How many different foreign object instances appear in this frame? Please provide a number.,3,3,0.955086,4,-0.045954,True,
2156924,0022 - Heico - Sigma - 3.avi,How many different foreign object classes appear in this frame? Please provide a number.,1,1,0.995263,4,-0.004748,True,
2156983,0022 - Heico - Sigma - 3.avi,How many different foreign object classes appear in this frame? Please provide a number.,2,2,0.864274,4,-0.145866,True,
2158794,0022 - Heico - Sigma - 3.avi,How many Sponges appear in this frame? Please provide a number.,1,1,0.998495,4,-0.001506,True,
2159143,0022 - Heico - Sigma - 3.avi,How many Clips appear in this frame? Please provide a number.,2,2,0.81474,4,-0.204886,True,
2159352,0022 - Heico - Sigma - 3.avi,How many Clips appear in this frame? Please provide a number.,3,2,0.975883,4,-0.024412,False,
2159414,0022 - Heico - Sigma - 3.avi,How many Clips appear in this frame? Please provide a number.,4,4,0.956929,4,-0.044026,True,
2156811,0022 - Heico - Sigma - 3.avi,How many different foreign object instances appear in this frame? Please provide a number.,1,1,0.988071,4,-0.012001,True,
2156416,0022 - Heico - Sigma - 3.avi,How many different foreign object instances appear in this frame? Please provide a number.,2,4,0.903876,4,-0.101063,False,
2156650,0022 - Heico - Sigma - 3.avi,How many different foreign object instances appear in this frame? Please provide a number.,3,2,0.898378,4,-0.107164,False,
2157359,0022 - Heico - Sigma - 3.avi,How many different foreign object classes appear in this frame? Please provide a number.,1,1,0.993331,4,-0.006691,True,
2157149,0022 - Heico - Sigma - 3.avi,How many different foreign object classes appear in this frame? Please provide a number.,2,2,0.931011,4,-0.071485,True,
2158779,0022 - Heico - Sigma - 3.avi,How many Sponges appear in this frame? Please provide a number.,1,1,0.998808,4,-0.001193,True,
2159435,0022 - Heico - Sigma - 3.avi,How many Clips appear in this frame? Please provide a number.,2,3,0.954007,4,-0.047085,False,
2159017,0022 - Heico - Sigma - 3.avi,How many Clips appear in this frame? Please provide a number.,3,3,0.984281,4,-0.015844,True,
2159007,0022 - Heico - Sigma - 3.avi,How many Clips appear in this frame? Please provide a number.,4,4,0.997811,4,-0.002191,True,
2156821,0022 - Heico - Sigma - 3.avi,How many different foreign object instances appear in this frame? Please provide a number.,1,1,0.995903,4,-0.004105,True,
2156549,0022 - Heico - Sigma - 3.avi,How many different foreign object instances appear in this frame? Please provide a number.,2,2,0.884528,4,-0.122701,True,
2157357,0022 - Heico - Sigma - 3.avi,How many different foreign object classes appear in this frame? Please provide a number.,1,1,0.986844,4,-0.013243,True,
2157134,0022 - Heico - Sigma - 3.avi,How many different foreign object classes appear in this frame? Please provide a number.,2,1,0.977959,4,-0.022288,False,
2159265,0022 - Heico - Sigma - 3.avi,How many Clips appear in this frame? Please provide a number.,1,1,0.997318,4,-0.002686,True,
2159152,0022 - Heico - Sigma - 3.avi,How many Clips appear in this frame? Please provide a number.,2,1,0.778186,4,-0.25079,False,
2159417,0022 - Heico - Sigma - 3.avi,How many Clips appear in this frame? Please provide a number.,3,4,0.931344,4,-0.071126,False,
2159405,0022 - Heico - Sigma - 3.avi,How many Clips appear in this frame? Please provide a number.,4,4,0.944998,4,-0.056572,True,
2156476,0022 - Heico - Sigma - 3.avi,How many different foreign object instances appear in this frame? Please provide a number.,1,1,0.950159,4,-0.051126,True,
2156739,0022 - Heico - Sigma - 3.avi,How many different foreign object instances appear in this frame? Please provide a number.,2,1,0.986524,4,-0.013567,False,
2157358,0022 - Heico - Sigma - 3.avi,How many different foreign object classes appear in this frame? Please provide a number.,1,1,0.989856,4,-0.010196,True,
2157270,0022 - Heico - Sigma - 3.avi,How many different foreign object classes appear in this frame? Please provide a number.,2,1,0.993506,4,-0.006515,False,
2158389,0022 - Heico - Sigma - 3.avi,How many Sponges appear in this frame? Please provide a number.,1,1,0.99806,4,-0.001942,True,
2159356,0022 - Heico - Sigma - 3.avi,How many Clips appear in this frame? Please provide a number.,2,2,0.990826,4,-0.009216,True,
2159002,0022 - Heico - Sigma - 3.avi,How many Clips appear in this frame? Please provide a number.,3,3,0.985468,4,-0.014639,True,
2159023,0022 - Heico - Sigma - 3.avi,How many Clips appear in this frame? Please provide a number.,4,2,0.910998,4,-0.093214,False,
2156750,0022 - Heico - Sigma - 3.avi,How many different foreign object instances appear in this frame? Please provide a number.,1,1,0.994067,4,-0.005951,True,
2156447,0022 - Heico - Sigma - 3.avi,How many different foreign object instances appear in this frame? Please provide a number.,2,1,0.95296,4,-0.048182,False,
2156908,0022 - Heico - Sigma - 3.avi,How many different foreign object classes appear in this frame? Please provide a number.,1,1,0.943472,4,-0.058188,True,
2156888,0022 - Heico - Sigma - 3.avi,How many different foreign object classes appear in this frame? Please provide a number.,2,1,0.905488,4,-0.099281,False,
2158765,0022 - Heico - Sigma - 3.avi,How many Sponges appear in this frame? Please provide a number.,1,1,0.997318,4,-0.002685,True,
2159046,0022 - Heico - Sigma - 3.avi,How many Clips appear in this frame? Please provide a number.,2,2,0.822252,4,-0.195709,True,
2159399,0022 - Heico - Sigma - 3.avi,How many Clips appear in this frame? Please provide a number.,3,4,0.934524,4,-0.067718,False,
2226865,0023 - Heico - Sigma - 4.avi,How many different foreign object instances appear in this frame? Please provide a number.,1,1,0.915102,4,-0.088719,True,
2227130,0023 - Heico - Sigma - 4.avi,How many different foreign object instances appear in this frame? Please provide a number.,10,4,0.75191,4,-0.285139,False,
2226968,0023 - Heico - Sigma - 4.avi,How many different foreign object instances appear in this frame? Please provide a number.,11,3,0.903439,4,-0.101547,False,
2227141,0023 - Heico - Sigma - 4.avi,How many different foreign object instances appear in this frame? Please provide a number.,2,1,0.965508,4,-0.0351,False,
2227277,0023 - Heico - Sigma - 4.avi,How many different foreign object instances appear in this frame? Please provide a number.,3,2,0.833861,4,-0.181689,False,
2227348,0023 - Heico - Sigma - 4.avi,How many different foreign object instances appear in this frame? Please provide a number.,4,3,0.87163,4,-0.13739,False,
2226970,0023 - Heico - Sigma - 4.avi,How many different foreign object instances appear in this frame? Please provide a number.,5,3,0.964983,4,-0.035645,False,
2227110,0023 - Heico - Sigma - 4.avi,How many different foreign object instances appear in this frame? Please provide a number.,6,3,0.843863,4,-0.169765,False,
2226933,0023 - Heico - Sigma - 4.avi,How many different foreign object instances appear in this frame? Please provide a number.,7,3,0.731677,4,-0.312416,False,
2227006,0023 - Heico - Sigma - 4.avi,How many different foreign object instances appear in this frame? Please provide a number.,8,5,0.902877,4,-0.102169,False,
2227164,0023 - Heico - Sigma - 4.avi,How many different foreign object instances appear in this frame? Please provide a number.,9,3,0.881887,4,-0.125691,False,
2227369,0023 - Heico - Sigma - 4.avi,How many different foreign object classes appear in this frame? Please provide a number.,1,1,0.984909,4,-0.015206,True,
2227843,0023 - Heico - Sigma - 4.avi,How many different foreign object classes appear in this frame? Please provide a number.,2,1,0.976549,4,-0.02373,False,
2228868,0023 - Heico - Sigma - 4.avi,How many Sponges appear in this frame? Please provide a number.,1,1,0.998841,4,-0.00116,True,
2229829,0023 - Heico - Sigma - 4.avi,How many Clips appear in this frame? Please provide a number.,10,4,0.811425,4,-0.208963,False,
2229807,0023 - Heico - Sigma - 4.avi,How many Clips appear in this frame? Please provide a number.,11,6,0.920147,4,-0.083222,False,
2229826,0023 - Heico - Sigma - 4.avi,How many Clips appear in this frame? Please provide a number.,12,6,0.929846,4,-0.072736,False,
2229592,0023 - Heico - Sigma - 4.avi,How many Clips appear in this frame? Please provide a number.,2,2,0.895231,4,-0.110673,True,
2229636,0023 - Heico - Sigma - 4.avi,How many Clips appear in this frame? Please provide a number.,3,3,0.925127,4,-0.077824,True,
2229553,0023 - Heico - Sigma - 4.avi,How many Clips appear in this frame? Please provide a number.,4,4,0.860935,4,-0.149736,True,
2229498,0023 - Heico - Sigma - 4.avi,How many Clips appear in this frame? Please provide a number.,5,3,0.946203,4,-0.055298,False,
2229757,0023 - Heico - Sigma - 4.avi,How many Clips appear in this frame? Please provide a number.,6,2,0.82069,4,-0.19761,False,
2229740,0023 - Heico - Sigma - 4.avi,How many Clips appear in this frame? Please provide a number.,7,5,0.884648,4,-0.122565,False,
2229781,0023 - Heico - Sigma - 4.avi,How many Clips appear in this frame? Please provide a number.,8,5,0.83818,4,-0.176523,False,
2229818,0023 - Heico - Sigma - 4.avi,How many Clips appear in this frame? Please provide a number.,9,4,0.835453,4,-0.179782,False,
2227262,0023 - Heico - Sigma - 4.avi,How many different foreign object instances appear in this frame? Please provide a number.,1,1,0.994599,4,-0.005416,True,
2227225,0023 - Heico - Sigma - 4.avi,How many different foreign object instances appear in this frame? Please provide a number.,10,4,0.841387,4,-0.172703,False,
2226902,0023 - Heico - Sigma - 4.avi,How many different foreign object instances appear in this frame? Please provide a number.,11,6,0.939273,4,-0.06265,False,
2227240,0023 - Heico - Sigma - 4.avi,How many different foreign object instances appear in this frame? Please provide a number.,2,1,0.99341,4,-0.006612,False,
2227291,0023 - Heico - Sigma - 4.avi,How many different foreign object instances appear in this frame? Please provide a number.,3,1,0.954799,4,-0.046254,False,
2227340,0023 - Heico - Sigma - 4.avi,How many different foreign object instances appear in this frame? Please provide a number.,4,1,0.928337,4,-0.07436,False,
2227284,0023 - Heico - Sigma - 4.avi,How many different foreign object instances appear in this frame? Please provide a number.,5,1,0.837495,4,-0.17734,False,
2227322,0023 - Heico - Sigma - 4.avi,How many different foreign object instances appear in this frame? Please provide a number.,6,5,0.719863,4,-0.328694,False,
2226941,0023 - Heico - Sigma - 4.avi,How many different foreign object instances appear in this frame? Please provide a number.,7,5,0.937388,4,-0.064658,False,
2227209,0023 - Heico - Sigma - 4.avi,How many different foreign object instances appear in this frame? Please provide a number.,8,4,0.740292,4,-0.30071,False,
2227144,0023 - Heico - Sigma - 4.avi,How many different foreign object instances appear in this frame? Please provide a number.,9,4,0.888068,4,-0.118707,False,
2227601,0023 - Heico - Sigma - 4.avi,How many different foreign object classes appear in this frame? Please provide a number.,1,1,0.993765,4,-0.006255,True,
2227564,0023 - Heico - Sigma - 4.avi,How many different foreign object classes appear in this frame? Please provide a number.,2,1,0.948407,4,-0.052971,False,
2229231,0023 - Heico - Sigma - 4.avi,How many Sponges appear in this frame? Please provide a number.,1,1,0.99806,4,-0.001942,True,
2229846,0023 - Heico - Sigma - 4.avi,How many Clips appear in this frame? Please provide a number.,10,3,0.955002,4,-0.046042,False,
2229839,0023 - Heico - Sigma - 4.avi,How many Clips appear in this frame? Please provide a number.,11,6,0.935579,4,-0.066589,False,
2229828,0023 - Heico - Sigma - 4.avi,How many Clips appear in this frame? Please provide a number.,12,6,0.962409,4,-0.038316,False,
2229778,0023 - Heico - Sigma - 4.avi,How many Clips appear in this frame? Please provide a number.,2,2,0.768007,4,-0.263957,True,
2229645,0023 - Heico - Sigma - 4.avi,How many Clips appear in this frame? Please provide a number.,3,2,0.891293,4,-0.115082,False,
2229491,0023 - Heico - Sigma - 4.avi,How many Clips appear in this frame? Please provide a number.,4,2,0.895806,4,-0.110031,False,
2229570,0023 - Heico - Sigma - 4.avi,How many Clips appear in this frame? Please provide a number.,5,4,0.813417,4,-0.206512,False,
2229847,0023 - Heico - Sigma - 4.avi,How many Clips appear in this frame? Please provide a number.,6,1,0.991597,4,-0.008438,False,
2229837,0023 - Heico - Sigma - 4.avi,How many Clips appear in this frame? Please provide a number.,7,5,0.861954,4,-0.148553,False,
2229831,0023 - Heico - Sigma - 4.avi,How many Clips appear in this frame? Please provide a number.,8,3,0.877765,4,-0.130377,False,
2229842,0023 - Heico - Sigma - 4.avi,How many Clips appear in this frame? Please provide a number.,9,6,0.866123,4,-0.143729,False,
2227320,0023 - Heico - Sigma - 4.avi,How many different foreign object instances appear in this frame? Please provide a number.,1,1,0.865205,4,-0.144789,True,
2226878,0023 - Heico - Sigma - 4.avi,How many different foreign object instances appear in this frame? Please provide a number.,10,5,0.894807,4,-0.111148,False,
2227050,0023 - Heico - Sigma - 4.avi,How many different foreign object instances appear in this frame? Please provide a number.,11,4,0.8385,4,-0.17614,False,
2227248,0023 - Heico - Sigma - 4.avi,How many different foreign object instances appear in this frame? Please provide a number.,2,3,0.891229,4,-0.115154,False,
2226989,0023 - Heico - Sigma - 4.avi,How many different foreign object instances appear in this frame? Please provide a number.,3,3,0.799652,4,-0.223579,True,
2227205,0023 - Heico - Sigma - 4.avi,How many different foreign object instances appear in this frame? Please provide a number.,4,2,0.865572,4,-0.144365,False,
2227189,0023 - Heico - Sigma - 4.avi,How many different foreign object instances appear in this frame? Please provide a number.,5,2,0.81886,4,-0.199842,False,
2226930,0023 - Heico - Sigma - 4.avi,How many different foreign object instances appear in this frame? Please provide a number.,6,1,0.97936,4,-0.020856,False,
2227002,0023 - Heico - Sigma - 4.avi,How many different foreign object instances appear in this frame? Please provide a number.,7,3,0.935588,4,-0.06658,False,
2227247,0023 - Heico - Sigma - 4.avi,How many different foreign object instances appear in this frame? Please provide a number.,8,3,0.92756,4,-0.075197,False,
2226959,0023 - Heico - Sigma - 4.avi,How many different foreign object instances appear in this frame? Please provide a number.,9,5,0.799055,4,-0.224325,False,
2227675,0023 - Heico - Sigma - 4.avi,How many different foreign object classes appear in this frame? Please provide a number.,1,1,0.983166,4,-0.016978,True,
2227482,0023 - Heico - Sigma - 4.avi,How many different foreign object classes appear in this frame? Please provide a number.,2,1,0.974558,4,-0.025772,False,
2229468,0023 - Heico - Sigma - 4.avi,How many Clips appear in this frame? Please provide a number.,1,2,0.818644,4,-0.200106,False,
2229817,0023 - Heico - Sigma - 4.avi,How many Clips appear in this frame? Please provide a number.,10,5,0.833424,4,-0.182212,False,
2229840,0023 - Heico - Sigma - 4.avi,How many Clips appear in this frame? Please provide a number.,11,4,0.880063,4,-0.127762,False,
2229479,0023 - Heico - Sigma - 4.avi,How many Clips appear in this frame? Please provide a number.,2,3,0.791981,4,-0.233218,False,
2229777,0023 - Heico - Sigma - 4.avi,How many Clips appear in this frame? Please provide a number.,3,3,0.879287,4,-0.128643,True,
2229601,0023 - Heico - Sigma - 4.avi,How many Clips appear in this frame? Please provide a number.,4,1,0.834177,4,-0.181309,False,
2229656,0023 - Heico - Sigma - 4.avi,How many Clips appear in this frame? Please provide a number.,5,2,0.764338,4,-0.268745,False,
2229811,0023 - Heico - Sigma - 4.avi,How many Clips appear in this frame? Please provide a number.,6,2,0.892174,4,-0.114094,False,
2229799,0023 - Heico - Sigma - 4.avi,How many Clips appear in this frame? Please provide a number.,7,5,0.854277,4,-0.1575,False,
2229646,0023 - Heico - Sigma - 4.avi,How many Clips appear in this frame? Please provide a number.,8,5,0.932208,4,-0.070199,False,
2229815,0023 - Heico - Sigma - 4.avi,How many Clips appear in this frame? Please provide a number.,9,4,0.904311,4,-0.100582,False,
2226887,0023 - Heico - Sigma - 4.avi,How many different foreign object instances appear in this frame? Please provide a number.,1,1,0.996766,4,-0.003239,True,
2227051,0023 - Heico - Sigma - 4.avi,How many different foreign object instances appear in this frame? Please provide a number.,2,1,0.987043,4,-0.013041,False,
2227191,0023 - Heico - Sigma - 4.avi,How many different foreign object instances appear in this frame? Please provide a number.,3,1,0.947538,4,-0.053888,False,
2227177,0023 - Heico - Sigma - 4.avi,How many different foreign object instances appear in this frame? Please provide a number.,4,1,0.947195,4,-0.05425,False,
2226885,0023 - Heico - Sigma - 4.avi,How many different foreign object instances appear in this frame? Please provide a number.,5,1,0.986521,4,-0.01357,False,
2227161,0023 - Heico - Sigma - 4.avi,How many different foreign object instances appear in this frame? Please provide a number.,6,3,0.959752,4,-0.04108,False,
2227066,0023 - Heico - Sigma - 4.avi,How many different foreign object instances appear in this frame? Please provide a number.,7,6,0.921175,4,-0.082105,False,
2227308,0023 - Heico - Sigma - 4.avi,How many different foreign object instances appear in this frame? Please provide a number.,8,3,0.851854,4,-0.16034,False,
2227552,0023 - Heico - Sigma - 4.avi,How many different foreign object classes appear in this frame? Please provide a number.,1,1,0.854176,4,-0.157618,True,
2227835,0023 - Heico - Sigma - 4.avi,How many different foreign object classes appear in this frame? Please provide a number.,2,2,0.977934,4,-0.022313,True,
2228952,0023 - Heico - Sigma - 4.avi,How many Sponges appear in this frame? Please provide a number.,1,1,0.992442,4,-0.007587,True,
2229844,0023 - Heico - Sigma - 4.avi,How many Clips appear in this frame? Please provide a number.,10,5,0.894752,4,-0.111209,False,
2229581,0023 - Heico - Sigma - 4.avi,How many Clips appear in this frame? Please provide a number.,2,1,0.9277,4,-0.075047,False,
2229830,0023 - Heico - Sigma - 4.avi,How many Clips appear in this frame? Please provide a number.,3,1,0.831925,4,-0.184014,False,
2229591,0023 - Heico - Sigma - 4.avi,How many Clips appear in this frame? Please provide a number.,4,2,0.95321,4,-0.04792,False,
2229620,0023 - Heico - Sigma - 4.avi,How many Clips appear in this frame? Please provide a number.,5,2,0.88111,4,-0.126573,False,
2229795,0023 - Heico - Sigma - 4.avi,How many Clips appear in this frame? Please provide a number.,6,5,0.929798,4,-0.072787,False,
2229745,0023 - Heico - Sigma - 4.avi,How many Clips appear in this frame? Please provide a number.,7,3,0.90242,4,-0.102675,False,
2229833,0023 - Heico - Sigma - 4.avi,How many Clips appear in this frame? Please provide a number.,8,4,0.778691,4,-0.250141,False,
2229843,0023 - Heico - Sigma - 4.avi,How many Clips appear in this frame? Please provide a number.,9,5,0.821422,4,-0.196719,False,
2227315,0023 - Heico - Sigma - 4.avi,How many different foreign object instances appear in this frame? Please provide a number.,1,1,0.98805,4,-0.012022,True,
2226969,0023 - Heico - Sigma - 4.avi,How many different foreign object instances appear in this frame? Please provide a number.,2,1,0.982337,4,-0.017821,False,
2227278,0023 - Heico - Sigma - 4.avi,How many different foreign object instances appear in this frame? Please provide a number.,3,4,0.901673,4,-0.103504,False,
2227252,0023 - Heico - Sigma - 4.avi,How many different foreign object instances appear in this frame? Please provide a number.,4,2,0.951307,4,-0.049918,False,
2227089,0023 - Heico - Sigma - 4.avi,How many different foreign object instances appear in this frame? Please provide a number.,5,4,0.767573,4,-0.264522,False,
2227352,0023 - Heico - Sigma - 4.avi,How many different foreign object instances appear in this frame? Please provide a number.,6,1,0.900822,4,-0.104448,False,
2227237,0023 - Heico - Sigma - 4.avi,How many different foreign object instances appear in this frame? Please provide a number.,7,5,0.922115,4,-0.081086,False,
2226951,0023 - Heico - Sigma - 4.avi,How many different foreign object instances appear in this frame? Please provide a number.,8,5,0.769732,4,-0.261713,False,
2227384,0023 - Heico - Sigma - 4.avi,How many different foreign object classes appear in this frame? Please provide a number.,1,1,0.982293,4,-0.017866,True,
2227398,0023 - Heico - Sigma - 4.avi,How many different foreign object classes appear in this frame? Please provide a number.,2,1,0.974204,4,-0.026135,False,
2229265,0023 - Heico - Sigma - 4.avi,How many Sponges appear in this frame? Please provide a number.,1,1,0.995061,4,-0.004951,True,
2229727,0023 - Heico - Sigma - 4.avi,How many Clips appear in this frame? Please provide a number.,10,3,0.780043,4,-0.248406,False,
2229507,0023 - Heico - Sigma - 4.avi,How many Clips appear in this frame? Please provide a number.,2,2,0.809559,4,-0.211265,True,
2229483,0023 - Heico - Sigma - 4.avi,How many Clips appear in this frame? Please provide a number.,3,3,0.989809,4,-0.010244,True,
2229625,0023 - Heico - Sigma - 4.avi,How many Clips appear in this frame? Please provide a number.,4,1,0.820837,4,-0.197431,False,
2229739,0023 - Heico - Sigma - 4.avi,How many Clips appear in this frame? Please provide a number.,5,5,0.933224,4,-0.06911,True,
2229744,0023 - Heico - Sigma - 4.avi,How many Clips appear in this frame? Please provide a number.,6,3,0.971639,4,-0.028771,False,
2229637,0023 - Heico - Sigma - 4.avi,How many Clips appear in this frame? Please provide a number.,7,1,0.795536,4,-0.228739,False,
2229819,0023 - Heico - Sigma - 4.avi,How many Clips appear in this frame? Please provide a number.,8,4,0.921866,4,-0.081355,False,
2229820,0023 - Heico - Sigma - 4.avi,How many Clips appear in this frame? Please provide a number.,9,5,0.844164,4,-0.169409,False,
2227210,0023 - Heico - Sigma - 4.avi,How many different foreign object instances appear in this frame? Please provide a number.,1,1,0.989438,4,-0.010618,True,
2227309,0023 - Heico - Sigma - 4.avi,How many different foreign object instances appear in this frame? Please provide a number.,2,1,0.866187,4,-0.143654,False,
2227357,0023 - Heico - Sigma - 4.avi,How many different foreign object instances appear in this frame? Please provide a number.,3,1,0.967499,4,-0.033041,False,
2227235,0023 - Heico - Sigma - 4.avi,How many different foreign object instances appear in this frame? Please provide a number.,4,1,0.966461,4,-0.034115,False,
2227140,0023 - Heico - Sigma - 4.avi,How many different foreign object instances appear in this frame? Please provide a number.,5,1,0.937145,4,-0.064918,False,
2226875,0023 - Heico - Sigma - 4.avi,How many different foreign object instances appear in this frame? Please provide a number.,6,3,0.983077,4,-0.017068,False,
2226866,0023 - Heico - Sigma - 4.avi,How many different foreign object instances appear in this frame? Please provide a number.,7,4,0.837058,4,-0.177862,False,
2226982,0023 - Heico - Sigma - 4.avi,How many different foreign object instances appear in this frame? Please provide a number.,8,5,0.912857,4,-0.091176,False,
2227786,0023 - Heico - Sigma - 4.avi,How many different foreign object classes appear in this frame? Please provide a number.,1,1,0.980567,4,-0.019625,True,
2227365,0023 - Heico - Sigma - 4.avi,How many different foreign object classes appear in this frame? Please provide a number.,2,1,0.96953,4,-0.030944,False,
2229273,0023 - Heico - Sigma - 4.avi,How many Sponges appear in this frame? Please provide a number.,1,1,0.997131,4,-0.002873,True,
2229841,0023 - Heico - Sigma - 4.avi,How many Clips appear in this frame? Please provide a number.,10,4,0.846153,4,-0.167056,False,
2229399,0023 - Heico - Sigma - 4.avi,How many Clips appear in this frame? Please provide a number.,2,4,0.868917,4,-0.140508,False,
2229415,0023 - Heico - Sigma - 4.avi,How many Clips appear in this frame? Please provide a number.,3,2,0.92739,4,-0.075381,False,
2229452,0023 - Heico - Sigma - 4.avi,How many Clips appear in this frame? Please provide a number.,4,4,0.819506,4,-0.199054,True,
2229669,0023 - Heico - Sigma - 4.avi,How many Clips appear in this frame? Please provide a number.,5,2,0.812592,4,-0.207526,False,
2229681,0023 - Heico - Sigma - 4.avi,How many Clips appear in this frame? Please provide a number.,6,3,0.878274,4,-0.129797,False,
2229748,0023 - Heico - Sigma - 4.avi,How many Clips appear in this frame? Please provide a number.,7,2,0.861496,4,-0.149084,False,
2229835,0023 - Heico - Sigma - 4.avi,How many Clips appear in this frame? Please provide a number.,8,5,0.882198,4,-0.125339,False,
2229824,0023 - Heico - Sigma - 4.avi,How many Clips appear in this frame? Please provide a number.,9,4,0.895196,4,-0.110712,False,
2227032,0023 - Heico - Sigma - 4.avi,How many different foreign object instances appear in this frame? Please provide a number.,1,,,0,,,missing frame
2227323,0023 - Heico - Sigma - 4.avi,How many different foreign object instances appear in this frame? Please provide a number.,2,1,0.973547,4,-0.026809,False,
2227272,0023 - Heico - Sigma - 4.avi,How many different foreign object instances appear in this frame? Please provide a number.,3,3,0.956523,4,-0.044451,True,
2227174,0023 - Heico - Sigma - 4.avi,How many different foreign object instances appear in this frame? Please provide a number.,4,2,0.844457,4,-0.169061,False,
2226859,0023 - Heico - Sigma - 4.avi,How many different foreign object instances appear in this frame? Please provide a number.,5,2,0.723061,4,-0.324262,False,
2227156,0023 - Heico - Sigma - 4.avi,How many different foreign object instances appear in this frame? Please provide a number.,6,3,0.915052,4,-0.088774,False,
2227056,0023 - Heico - Sigma - 4.avi,How many different foreign object instances appear in this frame? Please provide a number.,7,3,0.824088,4,-0.193478,False,
2227332,0023 - Heico - Sigma - 4.avi,How many different foreign object instances appear in this frame? Please provide a number.,8,5,0.878391,4,-0.129663,False,
2227450,0023 - Heico - Sigma - 4.avi,How many different foreign object classes appear in this frame? Please provide a number.,1,1,0.989923,4,-0.010128,True,
2227836,0023 - Heico - Sigma - 4.avi,How many different foreign object classes appear in this frame? Please provide a number.,2,2,0.916858,4,-0.086803,True,
2229366,0023 - Heico - Sigma - 4.avi,How many External drains appear in this frame? Please provide a number.,1,1,0.993829,4,-0.00619,True,
2229772,0023 - Heico - Sigma - 4.avi,How many Clips appear in this frame? Please provide a number.,2,3,0.832138,4,-0.183756,False,
2229773,0023 - Heico - Sigma - 4.avi,How many Clips appear in this frame? Please provide a number.,3,2,0.798228,4,-0.225361,False,
2229624,0023 - Heico - Sigma - 4.avi,How many Clips appear in this frame? Please provide a number.,4,2,0.899758,4,-0.105629,False,
2229668,0023 - Heico - Sigma - 4.avi,How many Clips appear in this frame? Please provide a number.,5,2,0.937681,4,-0.064346,False,
2229697,0023 - Heico - Sigma - 4.avi,How many Clips appear in this frame? Please provide a number.,6,1,0.97133,4,-0.029089,False,
2229718,0023 - Heico - Sigma - 4.avi,How many Clips appear in this frame? Please provide a number.,7,3,0.872622,4,-0.136252,False,
2229810,0023 - Heico - Sigma - 4.avi,How many Clips appear in this frame? Please provide a number.,8,2,0.866975,4,-0.142745,False,
2229822,0023 - Heico - Sigma - 4.avi,How many Clips appear in this frame? Please provide a number.,9,3,0.869933,4,-0.13934,False,
2226873,0023 - Heico - Sigma - 4.avi,How many different foreign object instances appear in this frame? Please provide a number.,1,1,0.983813,4,-0.016319,True,
2227155,0023 - Heico - Sigma - 4.avi,How many different foreign object instances appear in this frame? Please provide a number.,2,1,0.923023,4,-0.080101,False,
2227254,0023 - Heico - Sigma - 4.avi,How many different foreign object instances appear in this frame? Please provide a number.,3,1,0.993374,4,-0.006648,False,
2227280,0023 - Heico - Sigma - 4.avi,How many different foreign object instances appear in this frame? Please provide a number.,4,1,0.91031,4,-0.09397,False,
2227047,0023 - Heico - Sigma - 4.avi,How many different foreign object instances appear in this frame? Please provide a number.,5,3,0.885321,4,-0.121805,False,
2227183,0023 - Heico - Sigma - 4.avi,How many different foreign object instances appear in this frame? Please provide a number.,6,1,0.852194,4,-0.159941,False,
2226897,0023 - Heico - Sigma - 4.avi,How many different foreign object instances appear in this frame? Please provide a number.,7,4,0.899161,4,-0.106293,False,
2226881,0023 - Heico - Sigma - 4.avi,How many different foreign object instances appear in this frame? Please provide a number.,8,5,0.879397,4,-0.128519,False,
2227364,0023 - Heico - Sigma - 4.avi,How many different foreign object classes appear in this frame? Please provide a number.,1,1,0.929064,4,-0.073577,True,
2227795,0023 - Heico - Sigma - 4.avi,How many different foreign object classes appear in this frame? Please provide a number.,2,1,0.969928,4,-0.030533,False,
2228865,0023 - Heico - Sigma - 4.avi,How many Sponges appear in this frame? Please provide a number.,1,1,0.976677,4,-0.0236,True,
2229670,0023 - Heico - Sigma - 4.avi,How many Clips appear in this frame? Please provide a number.,2,2,0.897339,4,-0.108322,True,
2229408,0023 - Heico - Sigma - 4.avi,How many Clips appear in this frame? Please provide a number.,3,1,0.911036,4,-0.093173,False,
2229725,0023 - Heico - Sigma - 4.avi,How many Clips appear in this frame? Please provide a number.,4,1,0.856163,4,-0.155294,False,
2229492,0023 - Heico - Sigma - 4.avi,How many Clips appear in this frame? Please provide a number.,5,3,0.975605,4,-0.024698,False,
2229629,0023 - Heico - Sigma - 4.avi,How many Clips appear in this frame? Please provide a number.,6,2,0.899085,4,-0.106378,False,
2229742,0023 - Heico - Sigma - 4.avi,How many Clips appear in this frame? Please provide a number.,7,4,0.838544,4,-0.176088,False,
2229834,0023 - Heico - Sigma - 4.avi,How many Clips appear in this frame? Please provide a number.,8,5,0.90538,4,-0.099401,False,
2229735,0023 - Heico - Sigma - 4.avi,How many Clips appear in this frame? Please provide a number.,9,5,0.877912,4,-0.130209,False,
2227077,0023 - Heico - Sigma - 4.avi,How many different foreign object instances appear in this frame? Please provide a number.,1,1,0.997197,4,-0.002807,True,
2227324,0023 - Heico - Sigma - 4.avi,How many different foreign object instances appear in this frame? Please provide a number.,2,1,0.988766,4,-0.011298,False,
2227188,0023 - Heico - Sigma - 4.avi,How many different foreign object instances appear in this frame? Please provide a number.,3,4,0.976324,4,-0.02396,False,
2227123,0023 - Heico - Sigma - 4.avi,How many different foreign object instances appear in this frame? Please provide a number.,4,2,0.801403,4,-0.221392,False,
2226972,0023 - Heico - Sigma - 4.avi,How many different foreign object instances appear in this frame? Please provide a number.,5,3,0.853182,4,-0.158783,False,
2227288,0023 - Heico - Sigma - 4.avi,How many different foreign object instances appear in this frame? Please provide a number.,6,3,0.918073,4,-0.085478,False,
2227045,0023 - Heico - Sigma - 4.avi,How many different foreign object instances appear in this frame? Please provide a number.,7,5,0.928477,4,-0.07421,False,
2227857,0023 - Heico - Sigma - 4.avi,How many different foreign object classes appear in this frame? Please provide a number.,1,1,0.991396,4,-0.008642,True,
2227699,0023 - Heico - Sigma - 4.avi,How many different foreign object classes appear in this frame? Please provide a number.,2,1,0.942322,4,-0.059409,False,
2229431,0023 - Heico - Sigma - 4.avi,How many Clips appear in this frame? Please provide a number.,1,1,0.808832,4,-0.212164,True,
2229541,0023 - Heico - Sigma - 4.avi,How many Clips appear in this frame? Please provide a number.,2,2,0.849183,4,-0.163481,True,
2229593,0023 - Heico - Sigma - 4.avi,How many Clips appear in this frame? Please provide a number.,3,3,0.837941,4,-0.176808,True,
2229694,0023 - Heico - Sigma - 4.avi,How many Clips appear in this frame? Please provide a number.,4,1,0.843924,4,-0.169693,False,
2229565,0023 - Heico - Sigma - 4.avi,How many Clips appear in this frame? Please provide a number.,5,4,0.87257,4,-0.136312,False,
2229573,0023 - Heico - Sigma - 4.avi,How many Clips appear in this frame? Please provide a number.,6,3,0.840017,4,-0.174333,False,
2229766,0023 - Heico - Sigma - 4.avi,How many Clips appear in this frame? Please provide a number.,7,5,0.926615,4,-0.076217,False,
2229729,0023 - Heico - Sigma - 4.avi,How many Clips appear in this frame? Please provide a number.,8,5,0.922442,4,-0.080731,False,
2229821,0023 - Heico - Sigma - 4.avi,How many Clips appear in this frame? Please provide a number.,9,4,0.916294,4,-0.087418,False,
2227217,0023 - Heico - Sigma - 4.avi,How many different foreign object instances appear in this frame? Please provide a number.,1,1,0.906054,4,-0.098657,True,
2227314,0023 - Heico - Sigma - 4.avi,How many different foreign object instances appear in this frame? Please provide a number.,2,1,0.959416,4,-0.04143,False,
2227082,0023 - Heico - Sigma - 4.avi,How many different foreign object instances appear in this frame? Please provide a number.,3,1,0.928035,4,-0.074686,False,
2227213,0023 - Heico - Sigma - 4.avi,How many different foreign object instances appear in this frame? Please provide a number.,4,1,0.965255,4,-0.035363,False,
2226943,0023 - Heico - Sigma - 4.avi,How many different foreign object instances appear in this frame? Please provide a number.,6,1,0.800368,4,-0.222683,False,
2227715,0023 - Heico - Sigma - 4.avi,How many different foreign object classes appear in this frame? Please provide a number.,1,1,0.98302,4,-0.017126,True,
2227545,0023 - Heico - Sigma - 4.avi,How many different foreign object classes appear in this frame? Please provide a number.,2,1,0.97347,4,-0.026888,False,
2229523,0023 - Heico - Sigma - 4.avi,How many Clips appear in this frame? Please provide a number.,1,2,0.921507,4,-0.081745,False,
2229752,0023 - Heico - Sigma - 4.avi,How many Clips appear in this frame? Please provide a number.,2,2,0.852672,4,-0.15938,True,
2229787,0023 - Heico - Sigma - 4.avi,How many Clips appear in this frame? Please provide a number.,3,1,0.930249,4,-0.072303,False,
2229470,0023 - Heico - Sigma - 4.avi,How many Clips appear in this frame? Please provide a number.,4,2,0.948381,4,-0.052999,False,
2229501,0023 - Heico - Sigma - 4.avi,How many Clips appear in this frame? Please provide a number.,5,3,0.897739,4,-0.107876,False,
2229680,0023 - Heico - Sigma - 4.avi,How many Clips appear in this frame? Please provide a number.,6,2,0.896722,4,-0.109009,False,
2229638,0023 - Heico - Sigma - 4.avi,How many Clips appear in this frame? Please provide a number.,7,5,0.914646,4,-0.089218,False,
2229838,0023 - Heico - Sigma - 4.avi,How many Clips appear in this frame? Please provide a number.,8,6,0.951774,4,-0.049428,False,
2229730,0023 - Heico - Sigma - 4.avi,How many Clips appear in this frame? Please provide a number.,9,5,0.83542,4,-0.179821,False,
2308278,0024 - Heico - Sigma - 5.avi,How many different foreign object instances appear in this frame? Please provide a number.,1,1,0.94917,4,-0.052167,True,
2308435,0024 - Heico - Sigma - 5.avi,How many different foreign object instances appear in this frame? Please provide a number.,2,1,0.960067,4,-0.040752,False,
2308517,0024 - Heico - Sigma - 5.avi,How many different foreign object instances appear in this frame? Please provide a number.,3,2,0.890227,4,-0.116278,False,
2308705,0024 - Heico - Sigma - 5.avi,How many different foreign object classes appear in this frame? Please provide a number.,1,1,0.940889,4,-0.06093,True,
2308939,0024 - Heico - Sigma - 5.avi,How many different foreign object classes appear in this frame? Please provide a number.,2,3,0.931297,4,-0.071177,False,
2309882,0024 - Heico - Sigma - 5.avi,How many Sponges appear in this frame? Please provide a number.,1,1,0.997642,4,-0.002361,True,
2310804,0024 - Heico - Sigma - 5.avi,How many Clips appear in this frame? Please provide a number.,2,3,0.936341,4,-0.065775,False,
2310789,0024 - Heico - Sigma - 5.avi,How many Clips appear in this frame? Please provide a number.,3,3,0.957689,4,-0.043232,True,
2308377,0024 - Heico - Sigma - 5.avi,How many different foreign object instances appear in this frame? Please provide a number.,1,1,0.964028,4,-0.036635,True,
2308603,0024 - Heico - Sigma - 5.avi,How many different foreign object instances appear in this frame? Please provide a number.,2,1,0.78055,4,-0.247757,False,
2308520,0024 - Heico - Sigma - 5.avi,How many different foreign object instances appear in this frame? Please provide a number.,3,1,0.789332,4,-0.236569,False,
2308919,0024 - Heico - Sigma - 5.avi,How many different foreign object classes appear in this frame? Please provide a number.,1,1,0.978602,4,-0.021631,True,
2309066,0024 - Heico - Sigma - 5.avi,How many different foreign object classes appear in this frame? Please provide a number.,2,1,0.962989,4,-0.037714,False,
2310813,0024 - Heico - Sigma - 5.avi,How many Clips appear in this frame? Please provide a number.,1,2,0.830725,4,-0.185456,False,
2309899,0024 - Heico - Sigma - 5.avi,How many Sponges appear in this frame? Please provide a number.,2,2,0.954314,4,-0.046763,True,
2310786,0024 - Heico - Sigma - 5.avi,How many Clips appear in this frame? Please provide a number.,3,3,0.9658,4,-0.034799,True,
2308527,0024 - Heico - Sigma - 5.avi,How many different foreign object instances appear in this frame? Please provide a number.,1,1,0.981622,4,-0.018549,True,
2308347,0024 - Heico - Sigma - 5.avi,How many different foreign object instances appear in this frame? Please provide a number.,2,1,0.776616,4,-0.252809,False,
2308766,0024 - Heico - Sigma - 5.avi,How many different foreign object classes appear in this frame? Please provide a number.,1,3,0.917056,4,-0.086586,False,
2308631,0024 - Heico - Sigma - 5.avi,How many different foreign object classes appear in this frame? Please provide a number.,2,1,0.942433,4,-0.05929,False,
2310912,0024 - Heico - Sigma - 5.avi,How many Specimen bags appear in this frame? Please provide a number.,1,1,0.995916,4,-0.004093,True,
2310803,0024 - Heico - Sigma - 5.avi,How many Clips appear in this frame? Please provide a number.,2,2,0.802662,4,-0.219821,True,
2310790,0024 - Heico - Sigma - 5.avi,How many Clips appear in this frame? Please provide a number.,3,2,0.883092,4,-0.124326,False,
2308551,0024 - Heico - Sigma - 5.avi,How many different foreign object instances appear in this frame? Please provide a number.,1,4,0.918745,4,-0.084746,False,
2308233,0024 - Heico - Sigma - 5.avi,How many different foreign object instances appear in this frame? Please provide a number.,2,1,0.973273,4,-0.027091,False,
2308681,0024 - Heico - Sigma - 5.avi,How many different foreign object classes appear in this frame? Please provide a number.,1,3,0.968705,4,-0.031795,False,
2308871,0024 - Heico - Sigma - 5.avi,How many different foreign object classes appear in this frame? Please provide a number.,2,1,0.989738,4,-0.010315,False,
2310984,0024 - Heico - Sigma - 5.avi,How many Specimen bags appear in this frame? Please provide a number.,1,1,0.987622,4,-0.012455,True,
2309929,0024 - Heico - Sigma - 5.avi,How many Sponges appear in this frame? Please provide a number.,2,1,0.976826,4,-0.023446,False,
2310782,0024 - Heico - Sigma - 5.avi,How many Clips appear in this frame? Please provide a number.,3,3,0.883199,4,-0.124204,True,
2308585,0024 - Heico - Sigma - 5.avi,How many different foreign object instances appear in this frame? Please provide a number.,1,1,0.994714,4,-0.0053,True,
2308538,0024 - Heico - Sigma - 5.avi,How many different foreign object instances appear in this frame? Please provide a number.,2,1,0.869886,4,-0.139393,False,
2309041,0024 - Heico - Sigma - 5.avi,How many different foreign object classes appear in this frame? Please provide a number.,1,1,0.989666,4,-0.010387,True,
2309106,0024 - Heico - Sigma - 5.avi,How many different foreign object classes appear in this frame? Please provide a number.,2,3,0.913216,4,-0.090783,False,
2310267,0024 - Heico - Sigma - 5.avi,How many Sponges appear in this frame? Please provide a number.,1,1,0.998028,4,-0.001974,True,
2310806,0024 - Heico - Sigma - 5.avi,How many Clips appear in this frame? Please provide a number.,2,2,0.880105,4,-0.127714,True,
2310784,0024 - Heico - Sigma - 5.avi,How many Clips appear in this frame? Please provide a number.,3,2,0.889336,4,-0.11728,False,
2308537,0024 - Heico - Sigma - 5.avi,How many different foreign object instances appear in this frame? Please provide a number.,1,1,0.929091,4,-0.073549,True,
2308567,0024 - Heico - Sigma - 5.avi,How many different foreign object instances appear in this frame? Please provide a number.,2,1,0.951468,4,-0.04975,False,
2308782,0024 - Heico - Sigma - 5.avi,How many different foreign object classes appear in this frame? Please provide a number.,1,1,0.980707,4,-0.019482,True,
2309063,0024 - Heico - Sigma - 5.avi,How many different foreign object classes appear in this frame? Please provide a number.,2,1,0.953192,4,-0.047939,False,
2310159,0024 - Heico - Sigma - 5.avi,How many Sponges appear in this frame? Please provide a number.,1,1,0.996675,4,-0.00333,True,
2310084,0024 - Heico - Sigma - 5.avi,How many Sponges appear in this frame? Please provide a number.,2,2,0.970508,4,-0.029936,True,
2310787,0024 - Heico - Sigma - 5.avi,How many Clips appear in this frame? Please provide a number.,3,2,0.870599,4,-0.138573,False,
2308192,0024 - Heico - Sigma - 5.avi,How many different foreign object instances appear in this frame? Please provide a number.,1,1,0.960131,4,-0.040686,True,
2308564,0024 - Heico - Sigma - 5.avi,How many different foreign object instances appear in this frame? Please provide a number.,2,5,0.717857,4,-0.331485,False,
2308943,0024 - Heico - Sigma - 5.avi,How many different foreign object classes appear in this frame? Please provide a number.,1,1,0.961733,4,-0.039019,True,
2308757,0024 - Heico - Sigma - 5.avi,How many different foreign object classes appear in this frame? Please provide a number.,2,1,0.948888,4,-0.052464,False,
2310562,0024 - Heico - Sigma - 5.avi,How many Needles appear in this frame? Please provide a number.,1,1,0.977076,4,-0.023191,True,
2310805,0024 - Heico - Sigma - 5.avi,How many Clips appear in this frame? Please provide a number.,2,2,0.841331,4,-0.17277,True,
2310783,0024 - Heico - Sigma - 5.avi,How many Clips appear in this frame? Please provide a number.,3,3,0.887262,4,-0.119614,True,
2308226,0024 - Heico - Sigma - 5.avi,How many different foreign object instances appear in this frame? Please provide a number.,1,1,0.986941,4,-0.013145,True,
2308602,0024 - Heico - Sigma - 5.avi,How many different foreign object instances appear in this frame? Please provide a number.,2,1,0.973237,4,-0.027127,False,
2308839,0024 - Heico - Sigma - 5.avi,How many different foreign object classes appear in this frame? Please provide a number.,1,1,0.97844,4,-0.021796,True,
2309103,0024 - Heico - Sigma - 5.avi,How many different foreign object classes appear in this frame? Please provide a number.,2,3,0.924409,4,-0.078601,False,
2309931,0024 - Heico - Sigma - 5.avi,How many Sponges appear in this frame? Please provide a number.,1,1,0.998808,4,-0.001193,True,
2309930,0024 - Heico - Sigma - 5.avi,How many Sponges appear in this frame? Please provide a number.,2,1,0.996805,4,-0.003201,False,
2310785,0024 - Heico - Sigma - 5.avi,How many Clips appear in this frame? Please provide a number.,3,3,0.91608,4,-0.087651,True,
2308483,0024 - Heico - Sigma - 5.avi,How many different foreign object instances appear in this frame? Please provide a number.,1,1,0.973036,4,-0.027334,True,
2308440,0024 - Heico - Sigma - 5.avi,How many different foreign object instances appear in this frame? Please provide a number.,2,1,0.909826,4,-0.094502,False,
2308887,0024 - Heico - Sigma - 5.avi,How many different foreign object classes appear in this frame? Please provide a number.,1,1,0.975197,4,-0.025115,True,
2308741,0024 - Heico - Sigma - 5.avi,How many different foreign object classes appear in this frame? Please provide a number.,2,1,0.979577,4,-0.020634,False,
2310096,0024 - Heico - Sigma - 5.avi,How many Sponges appear in this frame? Please provide a number.,1,1,0.995282,4,-0.004729,True,
2310788,0024 - Heico - Sigma - 5.avi,How many Clips appear in this frame? Please provide a number.,2,3,0.86573,4,-0.144183,False,
2310791,0024 - Heico - Sigma - 5.avi,How many Clips appear in this frame? Please provide a number.,3,2,0.882899,4,-0.124545,False,
2308573,0024 - Heico - Sigma - 5.avi,How many different foreign object instances appear in this frame? Please provide a number.,1,4,0.802254,4,-0.22033,False,
2308566,0024 - Heico - Sigma - 5.avi,How many different foreign object instances appear in this frame? Please provide a number.,2,1,0.935959,4,-0.066184,False,
2308856,0024 - Heico - Sigma - 5.avi,How many different foreign object classes appear in this frame? Please provide a number.,1,1,0.952825,4,-0.048324,True,
2308728,0024 - Heico - Sigma - 5.avi,How many different foreign object classes appear in this frame? Please provide a number.,2,1,0.966437,4,-0.034139,False,
2311139,0024 - Heico - Sigma - 5.avi,How many Specimens appear in this frame? Please provide a number.,1,1,0.975834,4,-0.024463,True,
2310247,0024 - Heico - Sigma - 5.avi,How many Sponges appear in this frame? Please provide a number.,2,2,0.988789,4,-0.011275,True,
2310792,0024 - Heico - Sigma - 5.avi,How many Clips appear in this frame? Please provide a number.,3,2,0.797688,4,-0.226038,False,
2308364,0024 - Heico - Sigma - 5.avi,How many different foreign object instances appear in this frame? Please provide a number.,1,1,0.940396,4,-0.061454,True,
2308411,0024 - Heico - Sigma - 5.avi,How many different foreign object instances appear in this frame? Please provide a number.,2,1,0.955616,4,-0.045399,False,
2308914,0024 - Heico - Sigma - 5.avi,How many different foreign object classes appear in this frame? Please provide a number.,1,3,0.917397,4,-0.086215,False,
2309069,0024 - Heico - Sigma - 5.avi,How many different foreign object classes appear in this frame? Please provide a number.,2,2,0.909302,4,-0.095078,True,
2311000,0024 - Heico - Sigma - 5.avi,How many Specimen bags appear in this frame? Please provide a number.,1,1,0.994368,4,-0.005647,True,
2409550,0025 - Heico - Sigma - 6.avi,How many different foreign object instances appear in this frame? Please provide a number.,1,1,0.95967,4,-0.041166,True,
2409760,0025 - Heico - Sigma - 6.avi,How many different foreign object classes appear in this frame? Please provide a number.,1,1,0.982793,4,-0.017357,True,
2411128,0025 - Heico - Sigma - 6.avi,How many Clips appear in this frame? Please provide a number.,1,2,0.935368,4,-0.066815,False,
2409701,0025 - Heico - Sigma - 6.avi,How many different foreign object instances appear in this frame? Please provide a number.,1,1,0.989551,4,-0.010504,True,
2409904,0025 - Heico - Sigma - 6.avi,How many different foreign object classes appear in this frame? Please provide a number.,1,1,0.98725,4,-0.012832,True,
2410975,0025 - Heico - Sigma - 6.avi,How many External drains appear in this frame? Please provide a number.,1,1,0.997227,4,-0.002777,True,
2409583,0025 - Heico - Sigma - 6.avi,How many different foreign object instances appear in this frame? Please provide a number.,1,1,0.980499,4,-0.019694,True,
2409773,0025 - Heico - Sigma - 6.avi,How many different foreign object classes appear in this frame? Please provide a number.,1,1,0.986518,4,-0.013574,True,
2411108,0025 - Heico - Sigma - 6.avi,How many Clips appear in this frame? Please provide a number.,1,1,0.958377,4,-0.042514,True,
2409618,0025 - Heico - Sigma - 6.avi,How many different foreign object instances appear in this frame? Please provide a number.,1,2,0.856546,4,-0.154847,False,
2409792,0025 - Heico - Sigma - 6.avi,How many different foreign object classes appear in this frame? Please provide a number.,1,1,0.953874,4,-0.047224,True,
2411058,0025 - Heico - Sigma - 6.avi,How many External drains appear in this frame? Please provide a number.,1,1,0.990861,4,-0.009181,True,
2409558,0025 - Heico - Sigma - 6.avi,How many different foreign object instances appear in this frame? Please provide a number.,1,1,0.951201,4,-0.050029,True,
2409762,0025 - Heico - Sigma - 6.avi,How many different foreign object classes appear in this frame? Please provide a number.,1,1,0.982123,4,-0.018039,True,
2411114,0025 - Heico - Sigma - 6.avi,How many Clips appear in this frame? Please provide a number.,1,1,0.907131,4,-0.097469,True,
2409647,0025 - Heico - Sigma - 6.avi,How many different foreign object instances appear in this frame? Please provide a number.,1,1,0.993184,4,-0.006839,True,
2409910,0025 - Heico - Sigma - 6.avi,How many different foreign object classes appear in this frame? Please provide a number.,1,1,0.992447,4,-0.007582,True,
2411005,0025 - Heico - Sigma - 6.avi,How many External drains appear in this frame? Please provide a number.,1,1,0.875422,4,-0.133049,True,
2409551,0025 - Heico - Sigma - 6.avi,How many different foreign object instances appear in this frame? Please provide a number.,1,1,0.964902,4,-0.035729,True,
2409786,0025 - Heico - Sigma - 6.avi,How many different foreign object classes appear in this frame? Please provide a number.,1,1,0.984975,4,-0.015139,True,
2411135,0025 - Heico - Sigma - 6.avi,How many Clips appear in this frame? Please provide a number.,1,2,0.959584,4,-0.041255,False,
2409740,0025 - Heico - Sigma - 6.avi,How many different foreign object instances appear in this frame? Please provide a number.,1,1,0.983155,4,-0.016989,True,
2409811,0025 - Heico - Sigma - 6.avi,How many different foreign object classes appear in this frame? Please provide a number.,1,1,0.963823,4,-0.036848,True,
2411022,0025 - Heico - Sigma - 6.avi,How many External drains appear in this frame? Please provide a number.,1,1,0.967599,4,-0.032938,True,
2409554,0025 - Heico - Sigma - 6.avi,How many different foreign object instances appear in this frame? Please provide a number.,1,1,0.947806,4,-0.053605,True,
2409781,0025 - Heico - Sigma - 6.avi,How many different foreign object classes appear in this frame? Please provide a number.,1,1,0.986348,4,-0.013747,True,
2411104,0025 - Heico - Sigma - 6.avi,How many Clips appear in this frame? Please provide a number.,1,1,0.956138,4,-0.044853,True,
2409713,0025 - Heico - Sigma - 6.avi,How many different foreign object instances appear in this frame? Please provide a number.,1,1,0.994602,4,-0.005413,True,
2409886,0025 - Heico - Sigma - 6.avi,How many different foreign object classes appear in this frame? Please provide a number.,1,1,0.989616,4,-0.010438,True,
2411072,0025 - Heico - Sigma - 6.avi,How many External drains appear in this frame? Please provide a number.,1,1,0.998358,4,-0.001643,True,
2409566,0025 - Heico - Sigma - 6.avi,How many different foreign object instances appear in this frame? Please provide a number.,1,2,0.820667,4,-0.197638,False,
2409770,0025 - Heico - Sigma - 6.avi,How many different foreign object classes appear in this frame? Please provide a number.,1,1,0.984606,4,-0.015514,True,
2411136,0025 - Heico - Sigma - 6.avi,How many Clips appear in this frame? Please provide a number.,1,1,0.955408,4,-0.045617,True,
2409667,0025 - Heico - Sigma - 6.avi,How many different foreign object instances appear in this frame? Please provide a number.,1,1,0.980224,4,-0.019974,True,
2409905,0025 - Heico - Sigma - 6.avi,How many different foreign object classes appear in this frame? Please provide a number.,1,1,0.970491,4,-0.029953,True,
2410980,0025 - Heico - Sigma - 6.avi,How many External drains appear in this frame? Please provide a number.,1,1,0.993897,4,-0.006122,True,
2409568,0025 - Heico - Sigma - 6.avi,How many different foreign object instances appear in this frame? Please provide a number.,1,1,0.959466,4,-0.041378,True,
2409756,0025 - Heico - Sigma - 6.avi,How many different foreign object classes appear in this frame? Please provide a number.,1,1,0.982547,4,-0.017607,True,
2411118,0025 - Heico - Sigma - 6.avi,How many Clips appear in this frame? Please provide a number.,1,1,0.964934,4,-0.035695,True,
2409737,0025 - Heico - Sigma - 6.avi,How many different foreign object instances appear in this frame? Please provide a number.,1,1,0.989851,4,-0.0102,True,
2409900,0025 - Heico - Sigma - 6.avi,How many different foreign object classes appear in this frame? Please provide a number.,1,1,0.97123,4,-0.029192,True,
2410985,0025 - Heico - Sigma - 6.avi,How many External drains appear in this frame? Please provide a number.,1,1,0.995244,4,-0.004768,True,
2409576,0025 - Heico - Sigma - 6.avi,How many different foreign object instances appear in this frame? Please provide a number.,1,1,0.911475,4,-0.092692,True,
2409764,0025 - Heico - Sigma - 6.avi,How many different foreign object classes appear in this frame? Please provide a number.,1,1,0.981148,4,-0.019032,True,
2411107,0025 - Heico - Sigma - 6.avi,How many Clips appear in this frame? Please provide a number.,1,1,0.939934,4,-0.061946,True,
2409696,0025 - Heico - Sigma - 6.avi,How many different foreign object instances appear in this frame? Please provide a number.,1,1,0.985308,4,-0.014801,True,
2409920,0025 - Heico - Sigma - 6.avi,How many different foreign object classes appear in this frame? Please provide a number.,1,1,0.94813,4,-0.053264,True,
2411091,0025 - Heico - Sigma - 6.avi,How many External drains appear in this frame? Please provide a number.,1,1,0.998564,4,-0.001437,True,
2409547,0025 - Heico - Sigma - 6.avi,How many different foreign object instances appear in this frame? Please provide a number.,1,1,0.9599,4,-0.040926,True,
2409775,0025 - Heico - Sigma - 6.avi,How many different foreign object classes appear in this frame? Please provide a number.,1,1,0.978839,4,-0.021388,True,
2411110,0025 - Heico - Sigma - 6.avi,How many Clips appear in this frame? Please provide a number.,1,2,0.87205,4,-0.136909,False,
2409639,0025 - Heico - Sigma - 6.avi,How many different foreign object instances appear in this frame? Please provide a number.,1,1,0.983899,4,-0.016232,True,
2409852,0025 - Heico - Sigma - 6.avi,How many different foreign object classes appear in this frame? Please provide a number.,1,1,0.985023,4,-0.01509,True,
2410951,0025 - Heico - Sigma - 6.avi,How many External drains appear in this frame? Please provide a number.,1,1,0.996159,4,-0.003848,True,
2409548,0025 - Heico - Sigma - 6.avi,How many different foreign object instances appear in this frame? Please provide a number.,1,1,0.975448,4,-0.024858,True,
2409752,0025 - Heico - Sigma - 6.avi,How many different foreign object classes appear in this frame? Please provide a number.,1,1,0.981528,4,-0.018645,True,
2411102,0025 - Heico - Sigma - 6.avi,How many Clips appear in this frame? Please provide a number.,1,1,0.948221,4,-0.053168,True,
2409671,0025 - Heico - Sigma - 6.avi,How many different foreign object instances appear in this frame? Please provide a number.,1,1,0.83192,4,-0.184019,True,
2409924,0025 - Heico - Sigma - 6.avi,How many different foreign object classes appear in this frame? Please provide a number.,1,1,0.972021,4,-0.028378,True,
2411099,0025 - Heico - Sigma - 6.avi,How many External drains appear in this frame? Please provide a number.,1,,,0,,,missing frame
2409565,0025 - Heico - Sigma - 6.avi,How many different foreign object instances appear in this frame? Please provide a number.,1,1,0.986373,4,-0.013721,True,
2409774,0025 - Heico - Sigma - 6.avi,How many different foreign object classes appear in this frame? Please provide a number.,1,1,0.980684,4,-0.019505,True,
2411117,0025 - Heico - Sigma - 6.avi,How many Clips appear in this frame? Please provide a number.,1,1,0.878531,4,-0.129504,True,
2409599,0025 - Heico - Sigma - 6.avi,How many different foreign object instances appear in this frame? Please provide a number.,1,1,0.993048,4,-0.006977,True,
2409930,0025 - Heico - Sigma - 6.avi,How many different foreign object classes appear in this frame? Please provide a number.,1,1,0.986882,4,-0.013204,True,
2411151,0025 - Heico - Sigma - 6.avi,How many Clips appear in this frame? Please provide a number.,1,2,0.817133,4,-0.201953,False,
2409552,0025 - Heico - Sigma - 6.avi,How many different foreign object instances appear in this frame? Please provide a number.,1,1,0.978887,4,-0.021339,True,
2409754,0025 - Heico - Sigma - 6.avi,How many different foreign object classes appear in this frame? Please provide a number.,1,1,0.985051,4,-0.015062,True,
2411122,0025 - Heico - Sigma - 6.avi,How many Clips appear in this frame? Please provide a number.,1,2,0.898786,4,-0.106711,False,
2409709,0025 - Heico - Sigma - 6.avi,How many different foreign object instances appear in this frame? Please provide a number.,1,1,0.87081,4,-0.138331,True,
2409825,0025 - Heico - Sigma - 6.avi,How many different foreign object classes appear in this frame? Please provide a number.,1,3,0.902579,4,-0.102499,False,
2410995,0025 - Heico - Sigma - 6.avi,How many External drains appear in this frame? Please provide a number.,1,1,0.995668,4,-0.004341,True,
2409569,0025 - Heico - Sigma - 6.avi,How many different foreign object instances appear in this frame? Please provide a number.,1,1,0.925264,4,-0.077676,True,
2409785,0025 - Heico - Sigma - 6.avi,How many different foreign object classes appear in this frame? Please provide a number.,1,1,0.984832,4,-0.015284,True,
2411112,0025 - Heico - Sigma - 6.avi,How many Clips appear in this frame? Please provide a number.,1,1,0.959827,4,-0.041002,True,
2409616,0025 - Heico - Sigma - 6.avi,How many different foreign object instances appear in this frame? Please provide a number.,1,1,0.985418,4,-0.01469,True,
2409819,0025 - Heico - Sigma - 6.avi,How many different foreign object classes appear in this frame? Please provide a number.,1,1,0.984417,4,-0.015706,True,
2410996,0025 - Heico - Sigma - 6.avi,How many External drains appear in this frame? Please provide a number.,1,1,0.971117,4,-0.029308,True,
2409572,0025 - Heico - Sigma - 6.avi,How many different foreign object instances appear in this frame? Please provide a number.,1,1,0.940553,4,-0.061288,True,
2409767,0025 - Heico - Sigma - 6.avi,How many different foreign object classes appear in this frame? Please provide a number.,1,1,0.984465,4,-0.015657,True,
2411109,0025 - Heico - Sigma - 6.avi,How many Clips appear in this frame? Please provide a number.,1,2,0.880264,4,-0.127534,False,
2409601,0025 - Heico - Sigma - 6.avi,How many different foreign object instances appear in this frame? Please provide a number.,1,1,0.970493,4,-0.029951,True,
2409817,0025 - Heico - Sigma - 6.avi,How many different foreign object classes appear in this frame? Please provide a number.,1,1,0.991666,4,-0.008369,True,
2410950,0025 - Heico - Sigma - 6.avi,How many External drains appear in this frame? Please provide a number.,1,1,0.994821,4,-0.005192,True,
2409560,0025 - Heico - Sigma - 6.avi,How many different foreign object instances appear in this frame? Please provide a number.,1,1,0.979686,4,-0.020523,True,
2409761,0025 - Heico - Sigma - 6.avi,How many different foreign object classes appear in this frame? Please provide a number.,1,1,0.975198,4,-0.025115,True,
2411120,0025 - Heico - Sigma - 6.avi,How many Clips appear in this frame? Please provide a number.,1,2,0.830903,4,-0.185242,False,
2409591,0025 - Heico - Sigma - 6.avi,How many different foreign object instances appear in this frame? Please provide a number.,1,1,0.87477,4,-0.133794,True,
2409942,0025 - Heico - Sigma - 6.avi,How many different foreign object classes appear in this frame? Please provide a number.,1,1,0.991185,4,-0.008854,True,
2411142,0025 - Heico - Sigma - 6.avi,How many Clips appear in this frame? Please provide a number.,1,1,0.904746,4,-0.100101,True,
2409557,0025 - Heico - Sigma - 6.avi,How many different foreign object instances appear in this frame? Please provide a number.,1,1,0.959076,4,-0.041785,True,
2409766,0025 - Heico - Sigma - 6.avi,How many different foreign object classes appear in this frame? Please provide a number.,1,1,0.971623,4,-0.028787,True,
2411119,0025 - Heico - Sigma - 6.avi,How many Clips appear in this frame? Please provide a number.,1,1,0.890025,4,-0.116506,True,
2409588,0025 - Heico - Sigma - 6.avi,How many different foreign object instances appear in this frame? Please provide a number.,1,1,0.907888,4,-0.096634,True,
2409793,0025 - Heico - Sigma - 6.avi,How many different foreign object classes appear in this frame? Please provide a number.,1,1,0.970464,4,-0.029981,True,
2411080,0025 - Heico - Sigma - 6.avi,How many External drains appear in this frame? Please provide a number.,1,1,0.997907,4,-0.002095,True,
2409573,0025 - Heico - Sigma - 6.avi,How many different foreign object instances appear in this frame? Please provide a number.,1,1,0.905006,4,-0.099814,True,
2409784,0025 - Heico - Sigma - 6.avi,How many different foreign object classes appear in this frame? Please provide a number.,1,1,0.98477,4,-0.015347,True,
2411134,0025 - Heico - Sigma - 6.avi,How many Clips appear in this frame? Please provide a number.,1,1,0.935549,4,-0.066622,True,
2409680,0025 - Heico - Sigma - 6.avi,How many different foreign object instances appear in this frame? Please provide a number.,1,2,0.94877,4,-0.052589,False,
2409860,0025 - Heico - Sigma - 6.avi,How many different foreign object classes appear in this frame? Please provide a number.,1,1,0.972212,4,-0.028181,True,
2411082,0025 - Heico - Sigma - 6.avi,How many External drains appear in this frame? Please provide a number.,1,1,0.9986,4,-0.001401,True,
2409579,0025 - Heico - Sigma - 6.avi,How many different foreign object instances appear in this frame? Please provide a number.,1,2,0.8369,4,-0.17805,False,
2409771,0025 - Heico - Sigma - 6.avi,How many different foreign object classes appear in this frame? Please provide a number.,1,1,0.984739,4,-0.015379,True,
2411126,0025 - Heico - Sigma - 6.avi,How many Clips appear in this frame? Please provide a number.,1,1,0.906537,4,-0.098123,True,
2409732,0025 - Heico - Sigma - 6.avi,How many different foreign object instances appear in this frame? Please provide a number.,1,1,0.989871,4,-0.010181,True,
2409885,0025 - Heico - Sigma - 6.avi,How many different foreign object classes appear in this frame? Please provide a number.,1,1,0.970026,4,-0.030432,True,
2410991,0025 - Heico - Sigma - 6.avi,How many External drains appear in this frame? Please provide a number.,1,1,0.979932,4,-0.020273,True,
2409555,0025 - Heico - Sigma - 6.avi,How many different foreign object instances appear in this frame? Please provide a number.,1,1,0.974398,4,-0.025935,True,
2409751,0025 - Heico - Sigma - 6.avi,How many different foreign object classes appear in this frame? Please provide a number.,1,1,0.990077,4,-0.009972,True,
2411113,0025 - Heico - Sigma - 6.avi,How many Clips appear in this frame? Please provide a number.,1,1,0.893518,4,-0.112588,True,
2409731,0025 - Heico - Sigma - 6.avi,How many different foreign object instances appear in this frame? Please provide a number.,1,1,0.979973,4,-0.02023,True,
2409798,0025 - Heico - Sigma - 6.avi,How many different foreign object classes appear in this frame? Please provide a number.,1,1,0.962012,4,-0.038729,True,
2411060,0025 - Heico - Sigma - 6.avi,How many External drains appear in this frame? Please provide a number.,1,1,0.979791,4,-0.020416,True,
2409556,0025 - Heico - Sigma - 6.avi,How many different foreign object instances appear in this frame? Please provide a number.,1,1,0.984281,4,-0.015844,True,
2409753,0025 - Heico - Sigma - 6.avi,How many different foreign object classes appear in this frame? Please provide a number.,1,1,0.976568,4,-0.023711,True,
2411116,0025 - Heico - Sigma - 6.avi,How many Clips appear in this frame? Please provide a number.,1,1,0.904039,4,-0.100883,True,
2409678,0025 - Heico - Sigma - 6.avi,How many different foreign object instances appear in this frame? Please provide a number.,1,2,0.976914,4,-0.023357,False,
2409841,0025 - Heico - Sigma - 6.avi,How many different foreign object classes appear in this frame? Please provide a number.,1,1,0.958055,4,-0.042851,True,
2411037,0025 - Heico - Sigma - 6.avi,How many External drains appear in this frame? Please provide a number.,1,1,0.993557,4,-0.006463,True,
2409549,0025 - Heico - Sigma - 6.avi,How many different foreign object instances appear in this frame? Please provide a number.,1,1,0.978044,4,-0.0222,True,
2409768,0025 - Heico - Sigma - 6.avi,How many different foreign object classes appear in this frame? Please provide a number.,1,1,0.989511,4,-0.010545,True,
2411121,0025 - Heico - Sigma - 6.avi,How many Clips appear in this frame? Please provide a number.,1,1,0.891545,4,-0.114799,True,
2409596,0025 - Heico - Sigma - 6.avi,How many different foreign object instances appear in this frame? Please provide a number.,1,1,0.853375,4,-0.158556,True,
2409887,0025 - Heico - Sigma - 6.avi,How many different foreign object classes appear in this frame? Please provide a number.,1,1,0.987099,4,-0.012985,True,
2410953,0025 - Heico - Sigma - 6.avi,How many External drains appear in this frame? Please provide a number.,1,1,0.994596,4,-0.005419,True,
2409574,0025 - Heico - Sigma - 6.avi,How many different foreign object instances appear in this frame? Please provide a number.,1,1,0.887674,4,-0.11915,True,
2409749,0025 - Heico - Sigma - 6.avi,How many different foreign object classes appear in this frame? Please provide a number.,1,1,0.969007,4,-0.031483,True,
2411131,0025 - Heico - Sigma - 6.avi,How many Clips appear in this frame? Please provide a number.,1,2,0.888824,4,-0.117856,False,
2409654,0025 - Heico - Sigma - 6.avi,How many different foreign object instances appear in this frame? Please provide a number.,1,1,0.98758,4,-0.012498,True,
2409945,0025 - Heico - Sigma - 6.avi,How many different foreign object classes appear in this frame? Please provide a number.,1,1,0.990821,4,-0.009222,True,
2411039,0025 - Heico - Sigma - 6.avi,How many External drains appear in this frame? Please provide a number.,1,1,0.990894,4,-0.009147,True,
2457843,0026 - Heico - Sigma - 7.avi,How many different foreign object instances appear in this frame? Please provide a number.,1,1,0.996271,4,-0.003736,True,
2457937,0026 - Heico - Sigma - 7.avi,How many different foreign object instances appear in this frame? Please provide a number.,2,1,0.834354,4,-0.181098,False,
2458000,0026 - Heico - Sigma - 7.avi,How many different foreign object instances appear in this frame? Please provide a number.,3,2,0.775383,4,-0.254398,False,
2457917,0026 - Heico - Sigma - 7.avi,How many different foreign object instances appear in this frame? Please provide a number.,4,3,0.969824,4,-0.030641,False,
2458338,0026 - Heico - Sigma - 7.avi,How many different foreign object classes appear in this frame? Please provide a number.,1,1,0.993312,4,-0.00671,True,
2458661,0026 - Heico - Sigma - 7.avi,How many different foreign object classes appear in this frame? Please provide a number.,2,1,0.975038,4,-0.025279,False,
2459731,0026 - Heico - Sigma - 7.avi,How many Sponges appear in this frame? Please provide a number.,1,1,0.998392,4,-0.00161,True,
2460353,0026 - Heico - Sigma - 7.avi,How many Clips appear in this frame? Please provide a number.,2,1,0.967701,4,-0.032832,False,
2460357,0026 - Heico - Sigma - 7.avi,How many Clips appear in this frame? Please provide a number.,3,2,0.860585,4,-0.150143,False,
2460550,0026 - Heico - Sigma - 7.avi,How many Clips appear in this frame? Please provide a number.,4,1,0.831203,4,-0.184881,False,
2458266,0026 - Heico - Sigma - 7.avi,How many different foreign object instances appear in this frame? Please provide a number.,1,1,0.9888,4,-0.011263,True,
2458195,0026 - Heico - Sigma - 7.avi,How many different foreign object instances appear in this frame? Please provide a number.,2,5,0.79949,4,-0.223781,False,
2458108,0026 - Heico - Sigma - 7.avi,How many different foreign object instances appear in this frame? Please provide a number.,3,3,0.844811,4,-0.168642,True,
2457992,0026 - Heico - Sigma - 7.avi,How many different foreign object instances appear in this frame? Please provide a number.,4,1,0.906149,4,-0.098551,False,
2458507,0026 - Heico - Sigma - 7.avi,How many different foreign object classes appear in this frame? Please provide a number.,1,1,0.986176,4,-0.013921,True,
2458536,0026 - Heico - Sigma - 7.avi,How many different foreign object classes appear in this frame? Please provide a number.,2,1,0.991068,4,-0.008972,False,
2460103,0026 - Heico - Sigma - 7.avi,How many Sponges appear in this frame? Please provide a number.,1,1,0.996942,4,-0.003063,True,
2460565,0026 - Heico - Sigma - 7.avi,How many Clips appear in this frame? Please provide a number.,2,2,0.958509,4,-0.042377,True,
2460541,0026 - Heico - Sigma - 7.avi,How many Clips appear in this frame? Please provide a number.,3,2,0.93669,4,-0.065403,False,
2460553,0026 - Heico - Sigma - 7.avi,How many Clips appear in this frame? Please provide a number.,4,2,0.878928,4,-0.129053,False,
2458049,0026 - Heico - Sigma - 7.avi,How many different foreign object instances appear in this frame? Please provide a number.,1,1,0.985023,4,-0.01509,True,
2458104,0026 - Heico - Sigma - 7.avi,How many different foreign object instances appear in this frame? Please provide a number.,2,1,0.891654,4,-0.114678,False,
2458246,0026 - Heico - Sigma - 7.avi,How many different foreign object instances appear in this frame? Please provide a number.,3,1,0.901894,4,-0.103258,False,
2458028,0026 - Heico - Sigma - 7.avi,How many different foreign object instances appear in this frame? Please provide a number.,4,1,0.975493,4,-0.024812,False,
2458436,0026 - Heico - Sigma - 7.avi,How many different foreign object classes appear in this frame? Please provide a number.,1,1,0.990028,4,-0.010022,True,
2458816,0026 - Heico - Sigma - 7.avi,How many different foreign object classes appear in this frame? Please provide a number.,2,2,0.851507,4,-0.160748,True,
2460566,0026 - Heico - Sigma - 7.avi,How many Clips appear in this frame? Please provide a number.,1,1,0.882178,4,-0.125362,True,
2460568,0026 - Heico - Sigma - 7.avi,How many Clips appear in this frame? Please provide a number.,2,2,0.882984,4,-0.124449,True,
2460362,0026 - Heico - Sigma - 7.avi,How many Clips appear in this frame? Please provide a number.,3,1,0.860703,4,-0.150006,False,
2460549,0026 - Heico - Sigma - 7.avi,How many Clips appear in this frame? Please provide a number.,4,1,0.902138,4,-0.102988,False,
2458008,0026 - Heico - Sigma - 7.avi,How many different foreign object instances appear in this frame? Please provide a number.,1,1,0.988853,4,-0.01121,True,
2457911,0026 - Heico - Sigma - 7.avi,How many different foreign object instances appear in this frame? Please provide a number.,2,1,0.98608,4,-0.014018,False,
2457953,0026 - Heico - Sigma - 7.avi,How many different foreign object instances appear in this frame? Please provide a number.,3,1,0.810632,4,-0.209941,False,
2458187,0026 - Heico - Sigma - 7.avi,How many different foreign object instances appear in this frame? Please provide a number.,4,1,0.87363,4,-0.135099,False,
2458431,0026 - Heico - Sigma - 7.avi,How many different foreign object classes appear in this frame? Please provide a number.,1,1,0.995147,4,-0.004865,True,
2458556,0026 - Heico - Sigma - 7.avi,How many different foreign object classes appear in this frame? Please provide a number.,2,2,0.94899,4,-0.052357,True,
2460291,0026 - Heico - Sigma - 7.avi,How many External drains appear in this frame? Please provide a number.,1,1,0.994401,4,-0.005614,True,
2460351,0026 - Heico - Sigma - 7.avi,How many Clips appear in this frame? Please provide a number.,2,2,0.954609,4,-0.046454,True,
2460557,0026 - Heico - Sigma - 7.avi,How many Clips appear in this frame? Please provide a number.,3,2,0.905801,4,-0.098935,False,
2460551,0026 - Heico - Sigma - 7.avi,How many Clips appear in this frame? Please provide a number.,4,1,0.970574,4,-0.029868,False,
2457840,0026 - Heico - Sigma - 7.avi,How many different foreign object instances appear in this frame? Please provide a number.,1,1,0.996001,4,-0.004007,True,
2458149,0026 - Heico - Sigma - 7.avi,How many different foreign object instances appear in this frame? Please provide a number.,2,3,0.796109,4,-0.22802,False,
2458004,0026 - Heico - Sigma - 7.avi,How many different foreign object instances appear in this frame? Please provide a number.,3,2,0.924189,4,-0.078839,False,
2457973,0026 - Heico - Sigma - 7.avi,How many different foreign object instances appear in this frame? Please provide a number.,4,1,0.864141,4,-0.14602,False,
2458367,0026 - Heico - Sigma - 7.avi,How many different foreign object classes appear in this frame? Please provide a number.,1,1,0.964336,4,-0.036315,True,
2458790,0026 - Heico - Sigma - 7.avi,How many different foreign object classes appear in this frame? Please provide a number.,2,2,0.936618,4,-0.06548,True,
2459754,0026 - Heico - Sigma - 7.avi,How many Sponges appear in this frame? Please provide a number.,1,1,0.99702,4,-0.002985,True,
2460561,0026 - Heico - Sigma - 7.avi,How many Clips appear in this frame? Please provide a number.,2,2,0.803906,4,-0.218273,True,
2460359,0026 - Heico - Sigma - 7.avi,How many Clips appear in this frame? Please provide a number.,3,2,0.99465,4,-0.005365,False,
2460552,0026 - Heico - Sigma - 7.avi,How many Clips appear in this frame? Please provide a number.,4,1,0.969668,4,-0.030801,False,
2458148,0026 - Heico - Sigma - 7.avi,How many different foreign object instances appear in this frame? Please provide a number.,1,1,0.988768,4,-0.011295,True,
2458081,0026 - Heico - Sigma - 7.avi,How many different foreign object instances appear in this frame? Please provide a number.,2,1,0.957344,4,-0.043593,False,
2457855,0026 - Heico - Sigma - 7.avi,How many different foreign object instances appear in this frame? Please provide a number.,3,2,0.890637,4,-0.115818,False,
2458189,0026 - Heico - Sigma - 7.avi,How many different foreign object instances appear in this frame? Please provide a number.,4,1,0.927394,4,-0.075377,False,
2458506,0026 - Heico - Sigma - 7.avi,How many different foreign object classes appear in this frame? Please provide a number.,1,1,0.972419,4,-0.027968,True,
2458751,0026 - Heico - Sigma - 7.avi,How many different foreign object classes appear in this frame? Please provide a number.,2,1,0.990078,4,-0.009972,False,
2459891,0026 - Heico - Sigma - 7.avi,How many Sponges appear in this frame? Please provide a number.,1,1,0.990419,4,-0.009627,True,
2460363,0026 - Heico - Sigma - 7.avi,How many Clips appear in this frame? Please provide a number.,2,1,0.917709,4,-0.085875,False,
2460555,0026 - Heico - Sigma - 7.avi,How many Clips appear in this frame? Please provide a number.,3,2,0.88976,4,-0.116804,False,
2460548,0026 - Heico - Sigma - 7.avi,How many Clips appear in this frame? Please provide a number.,4,2,0.81103,4,-0.20945,False,
2457952,0026 - Heico - Sigma - 7.avi,How many different foreign object instances appear in this frame? Please provide a number.,1,1,0.962021,4,-0.038719,True,
2458158,0026 - Heico - Sigma - 7.avi,How many different foreign object instances appear in this frame? Please provide a number.,2,1,0.93627,4,-0.065851,False,
2458142,0026 - Heico - Sigma - 7.avi,How many different foreign object instances appear in this frame? Please provide a number.,3,2,0.987473,4,-0.012606,False,
2458555,0026 - Heico - Sigma - 7.avi,How many different foreign object classes appear in this frame? Please provide a number.,1,1,0.984963,4,-0.015152,True,
2458410,0026 - Heico - Sigma - 7.avi,How many different foreign object classes appear in this frame? Please provide a number.,2,2,0.930211,4,-0.072343,True,
2460467,0026 - Heico - Sigma - 7.avi,How many Clips appear in this frame? Please provide a number.,1,1,0.866441,4,-0.143361,True,
2460545,0026 - Heico - Sigma - 7.avi,How many Clips appear in this frame? Please provide a number.,2,1,0.935205,4,-0.066989,False,
2460356,0026 - Heico - Sigma - 7.avi,How many Clips appear in this frame? Please provide a number.,3,2,0.982573,4,-0.017581,False,
2458041,0026 - Heico - Sigma - 7.avi,How many different foreign object instances appear in this frame? Please provide a number.,1,1,0.997401,4,-0.002603,True,
2458257,0026 - Heico - Sigma - 7.avi,How many different foreign object instances appear in this frame? Please provide a number.,2,1,0.832927,4,-0.182809,False,
2457936,0026 - Heico - Sigma - 7.avi,How many different foreign object instances appear in this frame? Please provide a number.,3,2,0.904807,4,-0.100033,False,
2458628,0026 - Heico - Sigma - 7.avi,How many different foreign object classes appear in this frame? Please provide a number.,1,1,0.983478,4,-0.01666,True,
2458802,0026 - Heico - Sigma - 7.avi,How many different foreign object classes appear in this frame? Please provide a number.,2,1,0.985831,4,-0.014271,False,
2460241,0026 - Heico - Sigma - 7.avi,How many External drains appear in this frame? Please provide a number.,1,1,0.997975,4,-0.002027,True,
2460352,0026 - Heico - Sigma - 7.avi,How many Clips appear in this frame? Please provide a number.,2,2,0.832875,4,-0.182871,True,
2460511,0026 - Heico - Sigma - 7.avi,How many Clips appear in this frame? Please provide a number.,3,2,0.859844,4,-0.151004,False,
2457857,0026 - Heico - Sigma - 7.avi,How many different foreign object instances appear in this frame? Please provide a number.,1,1,0.984931,4,-0.015183,True,
2458137,0026 - Heico - Sigma - 7.avi,How many different foreign object instances appear in this frame? Please provide a number.,2,1,0.996965,4,-0.00304,False,
2457891,0026 - Heico - Sigma - 7.avi,How many different foreign object instances appear in this frame? Please provide a number.,3,1,0.903726,4,-0.101229,False,
2458361,0026 - Heico - Sigma - 7.avi,How many different foreign object classes appear in this frame? Please provide a number.,1,1,0.971784,4,-0.028622,True,
2458569,0026 - Heico - Sigma - 7.avi,How many different foreign object classes appear in this frame? Please provide a number.,2,2,0.947485,4,-0.053945,True,
2459743,0026 - Heico - Sigma - 7.avi,How many Sponges appear in this frame? Please provide a number.,1,1,0.995556,4,-0.004454,True,
2460564,0026 - Heico - Sigma - 7.avi,How many Clips appear in this frame? Please provide a number.,2,1,0.809211,4,-0.211695,False,
2460360,0026 - Heico - Sigma - 7.avi,How many Clips appear in this frame? Please provide a number.,3,1,0.988148,4,-0.011923,False,
2457894,0026 - Heico - Sigma - 7.avi,How many different foreign object instances appear in this frame? Please provide a number.,1,1,0.989699,4,-0.010354,True,
2458144,0026 - Heico - Sigma - 7.avi,How many different foreign object instances appear in this frame? Please provide a number.,2,1,0.975298,4,-0.025013,False,
2458014,0026 - Heico - Sigma - 7.avi,How many different foreign object instances appear in this frame? Please provide a number.,3,2,0.892408,4,-0.113832,False,
2458634,0026 - Heico - Sigma - 7.avi,How many different foreign object classes appear in this frame? Please provide a number.,1,1,0.988327,4,-0.011741,True,
2458461,0026 - Heico - Sigma - 7.avi,How many different foreign object classes appear in this frame? Please provide a number.,2,1,0.983875,4,-0.016256,False,
2459746,0026 - Heico - Sigma - 7.avi,How many Sponges appear in this frame? Please provide a number.,1,1,0.996831,4,-0.003174,True,
2460354,0026 - Heico - Sigma - 7.avi,How many Clips appear in this frame? Please provide a number.,2,1,0.936198,4,-0.065928,False,
2460538,0026 - Heico - Sigma - 7.avi,How many Clips appear in this frame? Please provide a number.,3,2,0.888384,4,-0.118351,False,
2457842,0026 - Heico - Sigma - 7.avi,How many different foreign object instances appear in this frame? Please provide a number.,1,1,0.862224,4,-0.14824,True,
2457984,0026 - Heico - Sigma - 7.avi,How many different foreign object instances appear in this frame? Please provide a number.,2,1,0.949859,4,-0.051442,False,
2458321,0026 - Heico - Sigma - 7.avi,How many different foreign object instances appear in this frame? Please provide a number.,3,4,0.924436,4,-0.078571,False,
2458458,0026 - Heico - Sigma - 7.avi,How many different foreign object classes appear in this frame? Please provide a number.,1,1,0.982475,4,-0.017681,True,
2458548,0026 - Heico - Sigma - 7.avi,How many different foreign object classes appear in this frame? Please provide a number.,2,1,0.934321,4,-0.067935,False,
2460466,0026 - Heico - Sigma - 7.avi,How many Clips appear in this frame? Please provide a number.,1,1,0.895115,4,-0.110803,True,
2460498,0026 - Heico - Sigma - 7.avi,How many Clips appear in this frame? Please provide a number.,2,2,0.927794,4,-0.074946,True,
2460358,0026 - Heico - Sigma - 7.avi,How many Clips appear in this frame? Please provide a number.,3,2,0.991364,4,-0.008673,False,
2458324,0026 - Heico - Sigma - 7.avi,How many different foreign object instances appear in this frame? Please provide a number.,1,1,0.979521,4,-0.020691,True,
2458037,0026 - Heico - Sigma - 7.avi,How many different foreign object instances appear in this frame? Please provide a number.,2,1,0.94345,4,-0.058212,False,
2458198,0026 - Heico - Sigma - 7.avi,How many different foreign object instances appear in this frame? Please provide a number.,3,3,0.966681,4,-0.033887,True,
2458684,0026 - Heico - Sigma - 7.avi,How many different foreign object classes appear in this frame? Please provide a number.,1,1,0.988722,4,-0.011342,True,
2458488,0026 - Heico - Sigma - 7.avi,How many different foreign object classes appear in this frame? Please provide a number.,2,1,0.977099,4,-0.023167,False,
2460306,0026 - Heico - Sigma - 7.avi,How many External drains appear in this frame? Please provide a number.,1,1,0.998415,4,-0.001586,True,
2460355,0026 - Heico - Sigma - 7.avi,How many Clips appear in this frame? Please provide a number.,2,2,0.989037,4,-0.011024,True,
2460517,0026 - Heico - Sigma - 7.avi,How many Clips appear in this frame? Please provide a number.,3,1,0.980122,4,-0.020078,False,
2457851,0026 - Heico - Sigma - 7.avi,How many different foreign object instances appear in this frame? Please provide a number.,1,3,0.888734,4,-0.117958,False,
2458063,0026 - Heico - Sigma - 7.avi,How many different foreign object instances appear in this frame? Please provide a number.,2,2,0.930596,4,-0.07193,True,
2458256,0026 - Heico - Sigma - 7.avi,How many different foreign object instances appear in this frame? Please provide a number.,3,2,0.881256,4,-0.126407,False,
2458360,0026 - Heico - Sigma - 7.avi,How many different foreign object classes appear in this frame? Please provide a number.,1,1,0.96097,4,-0.039812,True,
2458613,0026 - Heico - Sigma - 7.avi,How many different foreign object classes appear in this frame? Please provide a number.,2,2,0.930041,4,-0.072526,True,
2459749,0026 - Heico - Sigma - 7.avi,How many Sponges appear in this frame? Please provide a number.,1,1,0.996409,4,-0.003597,True,
2460544,0026 - Heico - Sigma - 7.avi,How many Clips appear in this frame? Please provide a number.,2,1,0.845294,4,-0.168071,False,
2460543,0026 - Heico - Sigma - 7.avi,How many Clips appear in this frame? Please provide a number.,3,2,0.905437,4,-0.099338,False,
2458307,0026 - Heico - Sigma - 7.avi,How many different foreign object instances appear in this frame? Please provide a number.,1,1,0.993818,4,-0.006201,True,
2458239,0026 - Heico - Sigma - 7.avi,How many different foreign object instances appear in this frame? Please provide a number.,2,1,0.995201,4,-0.004811,False,
2458061,0026 - Heico - Sigma - 7.avi,How many different foreign object instances appear in this frame? Please provide a number.,3,1,0.985982,4,-0.014117,False,
2458416,0026 - Heico - Sigma - 7.avi,How many different foreign object classes appear in this frame? Please provide a number.,1,1,0.976194,4,-0.024094,True,
2458642,0026 - Heico - Sigma - 7.avi,How many different foreign object classes appear in this frame? Please provide a number.,2,1,0.988547,4,-0.011519,False,
2460365,0026 - Heico - Sigma - 7.avi,How many Clips appear in this frame? Please provide a number.,1,1,0.965546,4,-0.035062,True,
2460500,0026 - Heico - Sigma - 7.avi,How many Clips appear in this frame? Please provide a number.,2,4,0.857103,4,-0.154197,False,
2460504,0026 - Heico - Sigma - 7.avi,How many Clips appear in this frame? Please provide a number.,3,3,0.868071,4,-0.141481,True,
2536885,0027 - Heico - Sigma - 8.avi,How many different foreign object instances appear in this frame? Please provide a number.,1,1,0.996731,4,-0.003274,True,
2537108,0027 - Heico - Sigma - 8.avi,How many different foreign object instances appear in this frame? Please provide a number.,2,1,0.931637,4,-0.070812,False,
2536988,0027 - Heico - Sigma - 8.avi,How many different foreign object instances appear in this frame? Please provide a number.,3,1,0.99735,4,-0.002653,False,
2536973,0027 - Heico - Sigma - 8.avi,How many different foreign object instances appear in this frame? Please provide a number.,4,1,0.96697,4,-0.033588,False,
2537086,0027 - Heico - Sigma - 8.avi,How many different foreign object instances appear in this frame? Please provide a number.,5,3,0.933823,4,-0.068468,False,
2537351,0027 - Heico - Sigma - 8.avi,How many different foreign object classes appear in this frame? Please provide a number.,1,1,0.9937,4,-0.006319,True,
2537806,0027 - Heico - Sigma - 8.avi,How many different foreign object classes appear in this frame? Please provide a number.,2,1,0.992903,4,-0.007122,False,
2538846,0027 - Heico - Sigma - 8.avi,How many Sponges appear in this frame? Please provide a number.,1,1,0.998359,4,-0.001642,True,
2540101,0027 - Heico - Sigma - 8.avi,How many Clips appear in this frame? Please provide a number.,2,2,0.872306,4,-0.136615,True,
2540077,0027 - Heico - Sigma - 8.avi,How many Clips appear in this frame? Please provide a number.,3,1,0.840837,4,-0.173357,False,
2540183,0027 - Heico - Sigma - 8.avi,How many Clips appear in this frame? Please provide a number.,4,4,0.94682,4,-0.054646,True,
2540172,0027 - Heico - Sigma - 8.avi,How many Clips appear in this frame? Please provide a number.,5,4,0.89241,4,-0.11383,False,
2537125,0027 - Heico - Sigma - 8.avi,How many different foreign object instances appear in this frame? Please provide a number.,1,1,0.994846,4,-0.005167,True,
2536878,0027 - Heico - Sigma - 8.avi,How many different foreign object instances appear in this frame? Please provide a number.,2,2,0.982667,4,-0.017485,True,
2537268,0027 - Heico - Sigma - 8.avi,How many different foreign object instances appear in this frame? Please provide a number.,3,1,0.974627,4,-0.0257,False,
2536969,0027 - Heico - Sigma - 8.avi,How many different foreign object instances appear in this frame? Please provide a number.,4,1,0.814888,4,-0.204705,False,
2537251,0027 - Heico - Sigma - 8.avi,How many different foreign object instances appear in this frame? Please provide a number.,5,4,0.90944,4,-0.094927,False,
2537646,0027 - Heico - Sigma - 8.avi,How many different foreign object classes appear in this frame? Please provide a number.,1,1,0.992321,4,-0.007709,True,
2537371,0027 - Heico - Sigma - 8.avi,How many different foreign object classes appear in this frame? Please provide a number.,2,1,0.905844,4,-0.098888,False,
2539222,0027 - Heico - Sigma - 8.avi,How many Sponges appear in this frame? Please provide a number.,1,1,0.996627,4,-0.003379,True,
2540120,0027 - Heico - Sigma - 8.avi,How many Clips appear in this frame? Please provide a number.,2,2,0.975509,4,-0.024796,True,
2540214,0027 - Heico - Sigma - 8.avi,How many Clips appear in this frame? Please provide a number.,3,1,0.837304,4,-0.177568,False,
2540190,0027 - Heico - Sigma - 8.avi,How many Clips appear in this frame? Please provide a number.,4,4,0.936776,4,-0.065312,True,
2540209,0027 - Heico - Sigma - 8.avi,How many Clips appear in this frame? Please provide a number.,5,1,0.990963,4,-0.009078,False,
2537061,0027 - Heico - Sigma - 8.avi,How many different foreign object instances appear in this frame? Please provide a number.,1,1,0.992868,4,-0.007157,True,
2537301,0027 - Heico - Sigma - 8.avi,How many different foreign object instances appear in this frame? Please provide a number.,2,1,0.983844,4,-0.016288,False,
2537323,0027 - Heico - Sigma - 8.avi,How many different foreign object instances appear in this frame? Please provide a number.,3,2,0.931185,4,-0.071297,False,
2537026,0027 - Heico - Sigma - 8.avi,How many different foreign object instances appear in this frame? Please provide a number.,4,4,0.902315,4,-0.102792,True,
2537058,0027 - Heico - Sigma - 8.avi,How many different foreign object instances appear in this frame? Please provide a number.,5,2,0.923146,4,-0.079968,False,
2537827,0027 - Heico - Sigma - 8.avi,How many different foreign object classes appear in this frame? Please provide a number.,1,1,0.991831,4,-0.008203,True,
2537578,0027 - Heico - Sigma - 8.avi,How many different foreign object classes appear in this frame? Please provide a number.,2,1,0.96196,4,-0.038782,False,
2539042,0027 - Heico - Sigma - 8.avi,How many Sponges appear in this frame? Please provide a number.,1,1,0.998556,4,-0.001445,True,
2540157,0027 - Heico - Sigma - 8.avi,How many Clips appear in this frame? Please provide a number.,2,2,0.881104,4,-0.126579,True,
2540195,0027 - Heico - Sigma - 8.avi,How many Clips appear in this frame? Please provide a number.,3,2,0.943345,4,-0.058323,False,
2540169,0027 - Heico - Sigma - 8.avi,How many Clips appear in this frame? Please provide a number.,4,4,0.900271,4,-0.10506,True,
2540210,0027 - Heico - Sigma - 8.avi,How many Clips appear in this frame? Please provide a number.,5,2,0.908485,4,-0.095977,False,
2536850,0027 - Heico - Sigma - 8.avi,How many different foreign object instances appear in this frame? Please provide a number.,1,1,0.969077,4,-0.031411,True,
2537139,0027 - Heico - Sigma - 8.avi,How many different foreign object instances appear in this frame? Please provide a number.,2,1,0.856894,4,-0.154441,False,
2537336,0027 - Heico - Sigma - 8.avi,How many different foreign object instances appear in this frame? Please provide a number.,3,2,0.833136,4,-0.182558,False,
2537110,0027 - Heico - Sigma - 8.avi,How many different foreign object instances appear in this frame? Please provide a number.,5,4,0.866091,4,-0.143766,False,
2537787,0027 - Heico - Sigma - 8.avi,How many different foreign object classes appear in this frame? Please provide a number.,1,1,0.969333,4,-0.031147,True,
2537785,0027 - Heico - Sigma - 8.avi,How many different foreign object classes appear in this frame? Please provide a number.,2,2,0.972913,4,-0.02746,True,
2539174,0027 - Heico - Sigma - 8.avi,How many Sponges appear in this frame? Please provide a number.,1,1,0.997459,4,-0.002544,True,
2540281,0027 - Heico - Sigma - 8.avi,How many Clips appear in this frame? Please provide a number.,2,2,0.851964,4,-0.160211,True,
2540204,0027 - Heico - Sigma - 8.avi,How many Clips appear in this frame? Please provide a number.,3,1,0.916569,4,-0.087118,False,
2540218,0027 - Heico - Sigma - 8.avi,How many Clips appear in this frame? Please provide a number.,4,2,0.864607,4,-0.14548,False,
2540184,0027 - Heico - Sigma - 8.avi,How many Clips appear in this frame? Please provide a number.,5,1,0.769382,4,-0.262168,False,
2536968,0027 - Heico - Sigma - 8.avi,How many different foreign object instances appear in this frame? Please provide a number.,1,1,0.942886,4,-0.05881,True,
2537339,0027 - Heico - Sigma - 8.avi,How many different foreign object instances appear in this frame? Please provide a number.,2,1,0.979417,4,-0.020797,False,
2537254,0027 - Heico - Sigma - 8.avi,How many different foreign object instances appear in this frame? Please provide a number.,3,3,0.975545,4,-0.024759,True,
2537743,0027 - Heico - Sigma - 8.avi,How many different foreign object classes appear in this frame? Please provide a number.,1,1,0.978149,4,-0.022093,True,
2537692,0027 - Heico - Sigma - 8.avi,How many different foreign object classes appear in this frame? Please provide a number.,2,1,0.984248,4,-0.015877,False,
2539060,0027 - Heico - Sigma - 8.avi,How many Sponges appear in this frame? Please provide a number.,1,1,0.993952,4,-0.006067,True,
2540073,0027 - Heico - Sigma - 8.avi,How many Clips appear in this frame? Please provide a number.,2,2,0.89418,4,-0.111848,True,
2540163,0027 - Heico - Sigma - 8.avi,How many Clips appear in this frame? Please provide a number.,3,2,0.941522,4,-0.060257,False,
2540168,0027 - Heico - Sigma - 8.avi,How many Clips appear in this frame? Please provide a number.,4,4,0.905519,4,-0.099247,True,
2540181,0027 - Heico - Sigma - 8.avi,How many Clips appear in this frame? Please provide a number.,5,2,0.911468,4,-0.092699,False,
2537141,0027 - Heico - Sigma - 8.avi,How many different foreign object instances appear in this frame? Please provide a number.,1,1,0.915546,4,-0.088234,True,
2536986,0027 - Heico - Sigma - 8.avi,How many different foreign object instances appear in this frame? Please provide a number.,2,1,0.896788,4,-0.108935,False,
2537188,0027 - Heico - Sigma - 8.avi,How many different foreign object instances appear in this frame? Please provide a number.,3,1,0.907774,4,-0.09676,False,
2537624,0027 - Heico - Sigma - 8.avi,How many different foreign object classes appear in this frame? Please provide a number.,1,1,0.970891,4,-0.029541,True,
2537829,0027 - Heico - Sigma - 8.avi,How many different foreign object classes appear in this frame? Please provide a number.,2,1,0.943622,4,-0.05803,False,
2539780,0027 - Heico - Sigma - 8.avi,How many Needles appear in this frame? Please provide a number.,1,1,0.95799,4,-0.042918,True,
2540118,0027 - Heico - Sigma - 8.avi,How many Clips appear in this frame? Please provide a number.,2,3,0.906285,4,-0.098401,False,
2540160,0027 - Heico - Sigma - 8.avi,How many Clips appear in this frame? Please provide a number.,3,3,0.941372,4,-0.060417,True,
2540170,0027 - Heico - Sigma - 8.avi,How many Clips appear in this frame? Please provide a number.,4,4,0.990375,4,-0.009672,True,
2540171,0027 - Heico - Sigma - 8.avi,How many Clips appear in this frame? Please provide a number.,5,4,0.973332,4,-0.02703,False,
2537047,0027 - Heico - Sigma - 8.avi,How many different foreign object instances appear in this frame? Please provide a number.,1,1,0.978835,4,-0.021392,True,
2536907,0027 - Heico - Sigma - 8.avi,How many different foreign object instances appear in this frame? Please provide a number.,2,1,0.838603,4,-0.176018,False,
2537320,0027 - Heico - Sigma - 8.avi,How many different foreign object instances appear in this frame? Please provide a number.,3,5,0.930681,4,-0.071839,False,
2537476,0027 - Heico - Sigma - 8.avi,How many different foreign object classes appear in this frame? Please provide a number.,1,1,0.957456,4,-0.043475,True,
2537482,0027 - Heico - Sigma - 8.avi,How many different foreign object classes appear in this frame? Please provide a number.,2,1,0.986971,4,-0.013115,False,
2539474,0027 - Heico - Sigma - 8.avi,How many External drains appear in this frame? Please provide a number.,1,1,0.941394,4,-0.060394,True,
2540208,0027 - Heico - Sigma - 8.avi,How many Clips appear in this frame? Please provide a number.,2,1,0.788964,4,-0.237035,False,
2540164,0027 - Heico - Sigma - 8.avi,How many Clips appear in this frame? Please provide a number.,3,2,0.918819,4,-0.084666,False,
2540182,0027 - Heico - Sigma - 8.avi,How many Clips appear in this frame? Please provide a number.,4,2,0.872245,4,-0.136685,False,
2540177,0027 - Heico - Sigma - 8.avi,How many Clips appear in this frame? Please provide a number.,5,4,0.990662,4,-0.009382,False,
2536872,0027 - Heico - Sigma - 8.avi,How many different foreign object instances appear in this frame? Please provide a number.,1,1,0.990641,4,-0.009403,True,
2537054,0027 - Heico - Sigma - 8.avi,How many different foreign object instances appear in this frame? Please provide a number.,2,1,0.987191,4,-0.012892,False,
2537387,0027 - Heico - Sigma - 8.avi,How many different foreign object classes appear in this frame? Please provide a number.,1,1,0.994638,4,-0.005376,True,
2537611,0027 - Heico - Sigma - 8.avi,How many different foreign object classes appear in this frame? Please provide a number.,2,1,0.874966,4,-0.13357,False,
2538877,0027 - Heico - Sigma - 8.avi,How many Sponges appear in this frame? Please provide a number.,1,1,0.998547,4,-0.001454,True,
2540242,0027 - Heico - Sigma - 8.avi,How many Clips appear in this frame? Please provide a number.,2,1,0.850684,4,-0.161715,False,
2540179,0027 - Heico - Sigma - 8.avi,How many Clips appear in this frame? Please provide a number.,3,2,0.902116,4,-0.103013,False,
2540167,0027 - Heico - Sigma - 8.avi,How many Clips appear in this frame? Please provide a number.,4,3,0.926518,4,-0.076322,False,
2540188,0027 - Heico - Sigma - 8.avi,How many Clips appear in this frame? Please provide a number.,5,4,0.834651,4,-0.180742,False,
2537027,0027 - Heico - Sigma - 8.avi,How many different foreign object instances appear in this frame? Please provide a number.,1,1,0.994143,4,-0.005875,True,
2536852,0027 - Heico - Sigma - 8.avi,How many different foreign object instances appear in this frame? Please provide a number.,2,1,0.855841,4,-0.155671,False,
2537410,0027 - Heico - Sigma - 8.avi,How many different foreign object classes appear in this frame? Please provide a number.,1,1,0.987677,4,-0.0124,True,
2537775,0027 - Heico - Sigma - 8.avi,How many different foreign object classes appear in this frame? Please provide a number.,2,1,0.970662,4,-0.029777,False,
2539107,0027 - Heico - Sigma - 8.avi,How many Sponges appear in this frame? Please provide a number.,1,1,0.99765,4,-0.002353,True,
2540096,0027 - Heico - Sigma - 8.avi,How many Clips appear in this frame? Please provide a number.,2,2,0.855009,4,-0.156643,True,
2540212,0027 - Heico - Sigma - 8.avi,How many Clips appear in this frame? Please provide a number.,3,2,0.766483,4,-0.265942,False,
2540175,0027 - Heico - Sigma - 8.avi,How many Clips appear in this frame? Please provide a number.,5,3,0.962058,4,-0.038681,False,
2536936,0027 - Heico - Sigma - 8.avi,How many different foreign object instances appear in this frame? Please provide a number.,1,4,0.894092,4,-0.111947,False,
2536859,0027 - Heico - Sigma - 8.avi,How many different foreign object instances appear in this frame? Please provide a number.,2,1,0.965581,4,-0.035025,False,
2537757,0027 - Heico - Sigma - 8.avi,How many different foreign object classes appear in this frame? Please provide a number.,1,1,0.992605,4,-0.007422,True,
2537532,0027 - Heico - Sigma - 8.avi,How many different foreign object classes appear in this frame? Please provide a number.,2,1,0.962217,4,-0.038516,False,
2539187,0027 - Heico - Sigma - 8.avi,How many Sponges appear in this frame? Please provide a number.,1,1,0.998528,4,-0.001473,True,
2540116,0027 - Heico - Sigma - 8.avi,How many Clips appear in this frame? Please provide a number.,2,3,0.919998,4,-0.083384,False,
2540211,0027 - Heico - Sigma - 8.avi,How many Clips appear in this frame? Please provide a number.,3,2,0.980982,4,-0.019201,False,
2540176,0027 - Heico - Sigma - 8.avi,How many Clips appear in this frame? Please provide a number.,5,4,0.975651,4,-0.02465,False,
2537203,0027 - Heico - Sigma - 8.avi,How many different foreign object instances appear in this frame? Please provide a number.,1,5,0.75474,4,-0.281381,False,
2537099,0027 - Heico - Sigma - 8.avi,How many different foreign object instances appear in this frame? Please provide a number.,2,3,0.88611,4,-0.120915,False,
2537403,0027 - Heico - Sigma - 8.avi,How many different foreign object classes appear in this frame? Please provide a number.,1,1,0.946175,4,-0.055327,True,
2537721,0027 - Heico - Sigma - 8.avi,How many different foreign object classes appear in this frame? Please provide a number.,2,1,0.970695,4,-0.029743,False,
2540107,0027 - Heico - Sigma - 8.avi,How many Clips appear in this frame? Please provide a number.,1,1,0.976914,4,-0.023357,True,
2540207,0027 - Heico - Sigma - 8.avi,How many Clips appear in this frame? Please provide a number.,2,2,0.85135,4,-0.160932,True,
2540213,0027 - Heico - Sigma - 8.avi,How many Clips appear in this frame? Please provide a number.,3,2,0.869272,4,-0.140099,False,
2540174,0027 - Heico - Sigma - 8.avi,How many Clips appear in this frame? Please provide a number.,5,4,0.978028,4,-0.022217,False,
2536914,0027 - Heico - Sigma - 8.avi,How many different foreign object instances appear in this frame? Please provide a number.,1,1,0.992821,4,-0.007204,True,
2537250,0027 - Heico - Sigma - 8.avi,How many different foreign object instances appear in this frame? Please provide a number.,2,1,0.922338,4,-0.080843,False,
2537496,0027 - Heico - Sigma - 8.avi,How many different foreign object classes appear in this frame? Please provide a number.,1,1,0.984024,4,-0.016105,True,
2537440,0027 - Heico - Sigma - 8.avi,How many different foreign object classes appear in this frame? Please provide a number.,2,1,0.862942,4,-0.147407,False,
2539085,0027 - Heico - Sigma - 8.avi,How many Sponges appear in this frame? Please provide a number.,1,1,0.995963,4,-0.004046,True,
2540231,0027 - Heico - Sigma - 8.avi,How many Clips appear in this frame? Please provide a number.,2,2,0.879247,4,-0.12869,True,
2540202,0027 - Heico - Sigma - 8.avi,How many Clips appear in this frame? Please provide a number.,3,2,0.832785,4,-0.18298,False,
2540173,0027 - Heico - Sigma - 8.avi,How many Clips appear in this frame? Please provide a number.,5,4,0.984532,4,-0.015589,False,
2537135,0027 - Heico - Sigma - 8.avi,How many different foreign object instances appear in this frame? Please provide a number.,1,1,0.954935,4,-0.046112,True,
2537244,0027 - Heico - Sigma - 8.avi,How many different foreign object instances appear in this frame? Please provide a number.,2,1,0.930641,4,-0.071881,False,
2537448,0027 - Heico - Sigma - 8.avi,How many different foreign object classes appear in this frame? Please provide a number.,1,1,0.986193,4,-0.013904,True,
2537566,0027 - Heico - Sigma - 8.avi,How many different foreign object classes appear in this frame? Please provide a number.,2,1,0.976206,4,-0.024081,False,
2539725,0027 - Heico - Sigma - 8.avi,How many Needles appear in this frame? Please provide a number.,1,1,0.997372,4,-0.002631,True,
2540088,0027 - Heico - Sigma - 8.avi,How many Clips appear in this frame? Please provide a number.,2,1,0.829613,4,-0.186796,False,
2540201,0027 - Heico - Sigma - 8.avi,How many Clips appear in this frame? Please provide a number.,3,1,0.818278,4,-0.200553,False,
2540189,0027 - Heico - Sigma - 8.avi,How many Clips appear in this frame? Please provide a number.,5,3,0.83394,4,-0.181593,False,
2625535,0028 - Heico - Sigma - 9.avi,How many different foreign object instances appear in this frame? Please provide a number.,1,1,0.989106,4,-0.010954,True,
2625468,0028 - Heico - Sigma - 9.avi,How many different foreign object instances appear in this frame? Please provide a number.,2,2,0.836802,4,-0.178168,True,
2625553,0028 - Heico - Sigma - 9.avi,How many different foreign object instances appear in this frame? Please provide a number.,3,3,0.957286,4,-0.043653,True,
2625357,0028 - Heico - Sigma - 9.avi,How many different foreign object instances appear in this frame? Please provide a number.,4,1,0.988019,4,-0.012053,False,
2625694,0028 - Heico - Sigma - 9.avi,How many different foreign object instances appear in this frame? Please provide a number.,5,3,0.879666,4,-0.128213,False,
2626107,0028 - Heico - Sigma - 9.avi,How many different foreign object classes appear in this frame? Please provide a number.,1,1,0.970688,4,-0.029751,True,
2626086,0028 - Heico - Sigma - 9.avi,How many different foreign object classes appear in this frame? Please provide a number.,2,1,0.963371,4,-0.037317,False,
2627186,0028 - Heico - Sigma - 9.avi,How many Sponges appear in this frame? Please provide a number.,1,1,0.997891,4,-0.002112,True,
2628015,0028 - Heico - Sigma - 9.avi,How many Clips appear in this frame? Please provide a number.,2,2,0.987559,4,-0.012519,True,
2628113,0028 - Heico - Sigma - 9.avi,How many Clips appear in this frame? Please provide a number.,3,3,0.878931,4,-0.129049,True,
2628085,0028 - Heico - Sigma - 9.avi,How many Clips appear in this frame? Please provide a number.,4,3,0.974092,4,-0.026249,False,
2625411,0028 - Heico - Sigma - 9.avi,How many different foreign object instances appear in this frame? Please provide a number.,1,1,0.97702,4,-0.023249,True,
2625550,0028 - Heico - Sigma - 9.avi,How many different foreign object instances appear in this frame? Please provide a number.,2,1,0.906789,4,-0.097846,False,
2625457,0028 - Heico - Sigma - 9.avi,How many different foreign object instances appear in this frame? Please provide a number.,3,1,0.997462,4,-0.002541,False,
2625437,0028 - Heico - Sigma - 9.avi,How many different foreign object instances appear in this frame? Please provide a number.,4,2,0.876107,4,-0.132267,False,
2625533,0028 - Heico - Sigma - 9.avi,How many different foreign object instances appear in this frame? Please provide a number.,5,3,0.926216,4,-0.076648,False,
2626027,0028 - Heico - Sigma - 9.avi,How many different foreign object classes appear in this frame? Please provide a number.,1,1,0.957557,4,-0.04337,True,
2625991,0028 - Heico - Sigma - 9.avi,How many different foreign object classes appear in this frame? Please provide a number.,2,1,0.960619,4,-0.040177,False,
2627500,0028 - Heico - Sigma - 9.avi,How many Sponges appear in this frame? Please provide a number.,1,1,0.996928,4,-0.003077,True,
2628230,0028 - Heico - Sigma - 9.avi,How many Clips appear in this frame? Please provide a number.,2,3,0.868805,4,-0.140637,False,
2628048,0028 - Heico - Sigma - 9.avi,How many Clips appear in this frame? Please provide a number.,3,3,0.845671,4,-0.167625,True,
2628123,0028 - Heico - Sigma - 9.avi,How many Clips appear in this frame? Please provide a number.,4,3,0.820318,4,-0.198063,False,
2625397,0028 - Heico - Sigma - 9.avi,How many different foreign object instances appear in this frame? Please provide a number.,1,1,0.967855,4,-0.032673,True,
2625734,0028 - Heico - Sigma - 9.avi,How many different foreign object instances appear in this frame? Please provide a number.,2,3,0.880476,4,-0.127293,False,
2625636,0028 - Heico - Sigma - 9.avi,How many different foreign object instances appear in this frame? Please provide a number.,3,1,0.974199,4,-0.02614,False,
2625517,0028 - Heico - Sigma - 9.avi,How many different foreign object instances appear in this frame? Please provide a number.,4,3,0.885195,4,-0.121947,False,
2625676,0028 - Heico - Sigma - 9.avi,How many different foreign object instances appear in this frame? Please provide a number.,5,1,0.862267,4,-0.14819,False,
2626178,0028 - Heico - Sigma - 9.avi,How many different foreign object classes appear in this frame? Please provide a number.,1,1,0.994309,4,-0.005707,True,
2625995,0028 - Heico - Sigma - 9.avi,How many different foreign object classes appear in this frame? Please provide a number.,2,1,0.825374,4,-0.191919,False,
2627374,0028 - Heico - Sigma - 9.avi,How many Sponges appear in this frame? Please provide a number.,1,1,0.998254,4,-0.001748,True,
2628410,0028 - Heico - Sigma - 9.avi,How many Clips appear in this frame? Please provide a number.,2,2,0.935476,4,-0.0667,True,
2628066,0028 - Heico - Sigma - 9.avi,How many Clips appear in this frame? Please provide a number.,3,3,0.918966,4,-0.084506,True,
2628128,0028 - Heico - Sigma - 9.avi,How many Clips appear in this frame? Please provide a number.,4,3,0.967179,4,-0.033371,False,
2625391,0028 - Heico - Sigma - 9.avi,How many different foreign object instances appear in this frame? Please provide a number.,1,1,0.993935,4,-0.006083,True,
2625511,0028 - Heico - Sigma - 9.avi,How many different foreign object instances appear in this frame? Please provide a number.,2,1,0.986399,4,-0.013695,False,
2625373,0028 - Heico - Sigma - 9.avi,How many different foreign object instances appear in this frame? Please provide a number.,3,3,0.965403,4,-0.03521,True,
2625756,0028 - Heico - Sigma - 9.avi,How many different foreign object instances appear in this frame? Please provide a number.,4,1,0.992928,4,-0.007097,False,
2626235,0028 - Heico - Sigma - 9.avi,How many different foreign object classes appear in this frame? Please provide a number.,1,1,0.99643,4,-0.003577,True,
2626163,0028 - Heico - Sigma - 9.avi,How many different foreign object classes appear in this frame? Please provide a number.,2,1,0.859122,4,-0.151844,False,
2627153,0028 - Heico - Sigma - 9.avi,How many Sponges appear in this frame? Please provide a number.,1,1,0.996648,4,-0.003357,True,
2628014,0028 - Heico - Sigma - 9.avi,How many Clips appear in this frame? Please provide a number.,2,2,0.869111,4,-0.140285,True,
2628060,0028 - Heico - Sigma - 9.avi,How many Clips appear in this frame? Please provide a number.,3,2,0.926545,4,-0.076293,False,
2628095,0028 - Heico - Sigma - 9.avi,How many Clips appear in this frame? Please provide a number.,4,3,0.971392,4,-0.029025,False,
2625472,0028 - Heico - Sigma - 9.avi,How many different foreign object instances appear in this frame? Please provide a number.,1,1,0.996706,4,-0.003299,True,
2625410,0028 - Heico - Sigma - 9.avi,How many different foreign object instances appear in this frame? Please provide a number.,2,4,0.797985,4,-0.225665,False,
2625532,0028 - Heico - Sigma - 9.avi,How many different foreign object instances appear in this frame? Please provide a number.,3,3,0.969629,4,-0.030841,True,
2625695,0028 - Heico - Sigma - 9.avi,How many different foreign object instances appear in this frame? Please provide a number.,4,1,0.996408,4,-0.003598,False,
2626035,0028 - Heico - Sigma - 9.avi,How many different foreign object classes appear in this frame? Please provide a number.,1,1,0.975613,4,-0.024689,True,
2626023,0028 - Heico - Sigma - 9.avi,How many different foreign object classes appear in this frame? Please provide a number.,2,2,0.996482,4,-0.003524,True,
2627537,0028 - Heico - Sigma - 9.avi,How many Sponges appear in this frame? Please provide a number.,1,1,0.998642,4,-0.001359,True,
2628322,0028 - Heico - Sigma - 9.avi,How many Clips appear in this frame? Please provide a number.,2,1,0.778352,4,-0.250576,False,
2628116,0028 - Heico - Sigma - 9.avi,How many Clips appear in this frame? Please provide a number.,3,2,0.919753,4,-0.08365,False,
2628090,0028 - Heico - Sigma - 9.avi,How many Clips appear in this frame? Please provide a number.,4,3,0.980152,4,-0.020047,False,
2625387,0028 - Heico - Sigma - 9.avi,How many different foreign object instances appear in this frame? Please provide a number.,1,1,0.933258,4,-0.069073,True,
2625465,0028 - Heico - Sigma - 9.avi,How many different foreign object instances appear in this frame? Please provide a number.,2,1,0.924442,4,-0.078565,False,
2625466,0028 - Heico - Sigma - 9.avi,How many different foreign object instances appear in this frame? Please provide a number.,3,3,0.856464,4,-0.154943,True,
2625515,0028 - Heico - Sigma - 9.avi,How many different foreign object instances appear in this frame? Please provide a number.,4,4,0.846821,4,-0.166266,True,
2625828,0028 - Heico - Sigma - 9.avi,How many different foreign object classes appear in this frame? Please provide a number.,1,2,0.971189,4,-0.029234,False,
2626257,0028 - Heico - Sigma - 9.avi,How many different foreign object classes appear in this frame? Please provide a number.,2,1,0.929107,4,-0.073531,False,
2627309,0028 - Heico - Sigma - 9.avi,How many Sponges appear in this frame? Please provide a number.,1,1,0.998271,4,-0.001731,True,
2628411,0028 - Heico - Sigma - 9.avi,How many Clips appear in this frame? Please provide a number.,2,3,0.905379,4,-0.099402,False,
2628051,0028 - Heico - Sigma - 9.avi,How many Clips appear in this frame? Please provide a number.,3,2,0.900653,4,-0.104635,False,
2628115,0028 - Heico - Sigma - 9.avi,How many Clips appear in this frame? Please provide a number.,4,1,0.805589,4,-0.216181,False,
2625742,0028 - Heico - Sigma - 9.avi,How many different foreign object instances appear in this frame? Please provide a number.,1,1,0.979964,4,-0.02024,True,
2625544,0028 - Heico - Sigma - 9.avi,How many different foreign object instances appear in this frame? Please provide a number.,2,1,0.959369,4,-0.04148,False,
2625670,0028 - Heico - Sigma - 9.avi,How many different foreign object instances appear in this frame? Please provide a number.,3,1,0.96134,4,-0.039427,False,
2625701,0028 - Heico - Sigma - 9.avi,How many different foreign object instances appear in this frame? Please provide a number.,4,3,0.942473,4,-0.059248,False,
2625853,0028 - Heico - Sigma - 9.avi,How many different foreign object classes appear in this frame? Please provide a number.,1,1,0.894582,4,-0.111399,True,
2626033,0028 - Heico - Sigma - 9.avi,How many different foreign object classes appear in this frame? Please provide a number.,2,2,0.982499,4,-0.017656,True,
2627433,0028 - Heico - Sigma - 9.avi,How many Sponges appear in this frame? Please provide a number.,1,1,0.998043,4,-0.001959,True,
2628013,0028 - Heico - Sigma - 9.avi,How many Clips appear in this frame? Please provide a number.,2,3,0.89848,4,-0.107051,False,
2628035,0028 - Heico - Sigma - 9.avi,How many Clips appear in this frame? Please provide a number.,3,3,0.968469,4,-0.032039,True,
2628137,0028 - Heico - Sigma - 9.avi,How many Clips appear in this frame? Please provide a number.,4,3,0.893088,4,-0.11307,False,
2625338,0028 - Heico - Sigma - 9.avi,How many different foreign object instances appear in this frame? Please provide a number.,1,1,0.966531,4,-0.034042,True,
2625518,0028 - Heico - Sigma - 9.avi,How many different foreign object instances appear in this frame? Please provide a number.,2,4,0.791245,4,-0.234147,False,
2625326,0028 - Heico - Sigma - 9.avi,How many different foreign object instances appear in this frame? Please provide a number.,3,1,0.928962,4,-0.073687,False,
2625706,0028 - Heico - Sigma - 9.avi,How many different foreign object instances appear in this frame? Please provide a number.,4,5,0.859466,4,-0.151444,False,
2625943,0028 - Heico - Sigma - 9.avi,How many different foreign object classes appear in this frame? Please provide a number.,1,1,0.875793,4,-0.132625,True,
2625898,0028 - Heico - Sigma - 9.avi,How many different foreign object classes appear in this frame? Please provide a number.,2,1,0.911269,4,-0.092917,False,
2628396,0028 - Heico - Sigma - 9.avi,How many Clips appear in this frame? Please provide a number.,1,3,0.803371,4,-0.218939,False,
2628236,0028 - Heico - Sigma - 9.avi,How many Clips appear in this frame? Please provide a number.,2,3,0.88298,4,-0.124453,False,
2628062,0028 - Heico - Sigma - 9.avi,How many Clips appear in this frame? Please provide a number.,3,3,0.892541,4,-0.113683,True,
2628119,0028 - Heico - Sigma - 9.avi,How many Clips appear in this frame? Please provide a number.,4,2,0.912798,4,-0.091241,False,
2625554,0028 - Heico - Sigma - 9.avi,How many different foreign object instances appear in this frame? Please provide a number.,1,1,0.935396,4,-0.066785,True,
2625719,0028 - Heico - Sigma - 9.avi,How many different foreign object instances appear in this frame? Please provide a number.,2,3,0.78816,4,-0.238054,False,
2625461,0028 - Heico - Sigma - 9.avi,How many different foreign object instances appear in this frame? Please provide a number.,3,3,0.993061,4,-0.006963,True,
2625525,0028 - Heico - Sigma - 9.avi,How many different foreign object instances appear in this frame? Please provide a number.,4,1,0.99676,4,-0.003245,False,
2625865,0028 - Heico - Sigma - 9.avi,How many different foreign object classes appear in this frame? Please provide a number.,1,1,0.98428,4,-0.015845,True,
2625817,0028 - Heico - Sigma - 9.avi,How many different foreign object classes appear in this frame? Please provide a number.,2,2,0.985145,4,-0.014966,True,
2627838,0028 - Heico - Sigma - 9.avi,How many Needles appear in this frame? Please provide a number.,1,1,0.992787,4,-0.007239,True,
2628412,0028 - Heico - Sigma - 9.avi,How many Clips appear in this frame? Please provide a number.,2,1,0.827666,4,-0.189146,False,
2628100,0028 - Heico - Sigma - 9.avi,How many Clips appear in this frame? Please provide a number.,3,3,0.898204,4,-0.107359,True,
2628084,0028 - Heico - Sigma - 9.avi,How many Clips appear in this frame? Please provide a number.,4,4,0.91336,4,-0.090625,True,
2625562,0028 - Heico - Sigma - 9.avi,How many different foreign object instances appear in this frame? Please provide a number.,1,1,0.914893,4,-0.088948,True,
2625436,0028 - Heico - Sigma - 9.avi,How many different foreign object instances appear in this frame? Please provide a number.,2,3,0.874236,4,-0.134404,False,
2625561,0028 - Heico - Sigma - 9.avi,How many different foreign object instances appear in this frame? Please provide a number.,3,5,0.890477,4,-0.115998,False,
2625708,0028 - Heico - Sigma - 9.avi,How many different foreign object instances appear in this frame? Please provide a number.,4,4,0.856822,4,-0.154525,True,
2626103,0028 - Heico - Sigma - 9.avi,How many different foreign object classes appear in this frame? Please provide a number.,1,1,0.988236,4,-0.011833,True,
2626108,0028 - Heico - Sigma - 9.avi,How many different foreign object classes appear in this frame? Please provide a number.,2,2,0.974779,4,-0.025544,True,
2627190,0028 - Heico - Sigma - 9.avi,How many Sponges appear in this frame? Please provide a number.,1,1,0.998501,4,-0.0015,True,
2628012,0028 - Heico - Sigma - 9.avi,How many Clips appear in this frame? Please provide a number.,2,1,0.743191,4,-0.296802,False,
2628038,0028 - Heico - Sigma - 9.avi,How many Clips appear in this frame? Please provide a number.,3,3,0.912489,4,-0.091579,True,
2628094,0028 - Heico - Sigma - 9.avi,How many Clips appear in this frame? Please provide a number.,4,3,0.967915,4,-0.032611,False,
2625709,0028 - Heico - Sigma - 9.avi,How many different foreign object instances appear in this frame? Please provide a number.,1,1,0.99155,4,-0.008486,True,
2625463,0028 - Heico - Sigma - 9.avi,How many different foreign object instances appear in this frame? Please provide a number.,2,1,0.901424,4,-0.10378,False,
2625424,0028 - Heico - Sigma - 9.avi,How many different foreign object instances appear in this frame? Please provide a number.,3,3,0.899352,4,-0.10608,True,
2626124,0028 - Heico - Sigma - 9.avi,How many different foreign object classes appear in this frame? Please provide a number.,1,1,0.972725,4,-0.027654,True,
2626171,0028 - Heico - Sigma - 9.avi,How many different foreign object classes appear in this frame? Please provide a number.,2,1,0.966816,4,-0.033747,False,
2627549,0028 - Heico - Sigma - 9.avi,How many Sponges appear in this frame? Please provide a number.,1,1,0.998269,4,-0.001733,True,
2628321,0028 - Heico - Sigma - 9.avi,How many Clips appear in this frame? Please provide a number.,2,4,0.765614,4,-0.267078,False,
2628118,0028 - Heico - Sigma - 9.avi,How many Clips appear in this frame? Please provide a number.,3,3,0.872123,4,-0.136825,True,
2628087,0028 - Heico - Sigma - 9.avi,How many Clips appear in this frame? Please provide a number.,4,3,0.951787,4,-0.049414,False,
2625769,0028 - Heico - Sigma - 9.avi,How many different foreign object instances appear in this frame? Please provide a number.,1,1,0.992616,4,-0.007411,True,
2625339,0028 - Heico - Sigma - 9.avi,How many different foreign object instances appear in this frame? Please provide a number.,2,1,0.893785,4,-0.11229,False,
2625543,0028 - Heico - Sigma - 9.avi,How many different foreign object instances appear in this frame? Please provide a number.,3,3,0.862909,4,-0.147446,True,
2626000,0028 - Heico - Sigma - 9.avi,How many different foreign object classes appear in this frame? Please provide a number.,1,1,0.995528,4,-0.004482,True,
2626067,0028 - Heico - Sigma - 9.avi,How many different foreign object classes appear in this frame? Please provide a number.,2,2,0.942719,4,-0.058987,True,
2627170,0028 - Heico - Sigma - 9.avi,How many Sponges appear in this frame? Please provide a number.,1,1,0.997835,4,-0.002167,True,
2628235,0028 - Heico - Sigma - 9.avi,How many Clips appear in this frame? Please provide a number.,2,3,0.794752,4,-0.229726,False,
2628059,0028 - Heico - Sigma - 9.avi,How many Clips appear in this frame? Please provide a number.,3,3,0.964859,4,-0.035773,True,
2628091,0028 - Heico - Sigma - 9.avi,How many Clips appear in this frame? Please provide a number.,4,3,0.981657,4,-0.018513,False,
2625502,0028 - Heico - Sigma - 9.avi,How many different foreign object instances appear in this frame? Please provide a number.,1,1,0.990151,4,-0.009898,True,
2625345,0028 - Heico - Sigma - 9.avi,How many different foreign object instances appear in this frame? Please provide a number.,2,1,0.98716,4,-0.012923,False,
2625764,0028 - Heico - Sigma - 9.avi,How many different foreign object instances appear in this frame? Please provide a number.,3,2,0.807544,4,-0.213758,False,
2626069,0028 - Heico - Sigma - 9.avi,How many different foreign object classes appear in this frame? Please provide a number.,1,1,0.98264,4,-0.017512,True,
2626253,0028 - Heico - Sigma - 9.avi,How many different foreign object classes appear in this frame? Please provide a number.,2,2,0.994258,4,-0.005758,True,
2627304,0028 - Heico - Sigma - 9.avi,How many Sponges appear in this frame? Please provide a number.,1,1,0.997654,4,-0.002349,True,
2628333,0028 - Heico - Sigma - 9.avi,How many Clips appear in this frame? Please provide a number.,2,5,0.77126,4,-0.25973,False,
2628036,0028 - Heico - Sigma - 9.avi,How many Clips appear in this frame? Please provide a number.,3,3,0.93802,4,-0.063984,True,
2628121,0028 - Heico - Sigma - 9.avi,How many Clips appear in this frame? Please provide a number.,4,3,0.912826,4,-0.09121,False,
2683729,0027 - Heico - Sigma - 8.avi,How many External drains appear in this frame? Please provide a number.,1,,,0,,,missing frame
2873329,0029 - Heico - Sigma - 10.avi,How many Clips placed in this video will remain in the patient? Please provide a single integer.,4,2.,0.913048,5,-0.090967,False,
2116407,0029 - Heico - Sigma - 10.avi,How many different foreign object instances appear in this frame? Please provide a number.,1,1,0.98478,4,-0.015337,True,
2116909,0029 - Heico - Sigma - 10.avi,How many different foreign object classes appear in this frame? Please provide a number.,2,2,0.977496,4,-0.022761,True,
2118408,0029 - Heico - Sigma - 10.avi,How many Sponges appear in this frame? Please provide a number.,1,1,0.996072,4,-0.003935,True,
2116408,0029 - Heico - Sigma - 10.avi,How many different foreign object instances appear in this frame? Please provide a number.,1,1,0.949774,4,-0.051531,True,
2116910,0029 - Heico - Sigma - 10.avi,How many different foreign object classes appear in this frame? Please provide a number.,1,1,0.962611,4,-0.038106,True,
2118412,0029 - Heico - Sigma - 10.avi,How many Sponges appear in this frame? Please provide a number.,1,1,0.999411,4,-0.00059,True,
2116411,0029 - Heico - Sigma - 10.avi,How many different foreign object instances appear in this frame? Please provide a number.,5,2,0.947278,4,-0.054163,False,
2116913,0029 - Heico - Sigma - 10.avi,How many different foreign object classes appear in this frame? Please provide a number.,1,1,0.983547,4,-0.01659,True,
2118415,0029 - Heico - Sigma - 10.avi,How many Sponges appear in this frame? Please provide a number.,1,1,0.999564,4,-0.000436,True,
2116415,0029 - Heico - Sigma - 10.avi,How many different foreign object instances appear in this frame? Please provide a number.,1,1,0.997604,4,-0.002399,True,
2116914,0029 - Heico - Sigma - 10.avi,How many different foreign object classes appear in this frame? Please provide a number.,1,1,0.995296,4,-0.004715,True,
2118416,0029 - Heico - Sigma - 10.avi,How many Sponges appear in this frame? Please provide a number.,1,1,0.998343,4,-0.001659,True,
2116416,0029 - Heico - Sigma - 10.avi,How many different foreign object instances appear in this frame? Please provide a number.,2,2,0.969944,4,-0.030517,True,
2116915,0029 - Heico - Sigma - 10.avi,How many different foreign object classes appear in this frame? Please provide a number.,2,2,0.970356,4,-0.030092,True,
2118421,0029 - Heico - Sigma - 10.avi,How many Sponges appear in this frame? Please provide a number.,1,1,0.99963,4,-0.000371,True,
2116420,0029 - Heico - Sigma - 10.avi,How many different foreign object instances appear in this frame? Please provide a number.,2,3,0.959127,4,-0.041732,False,
2116923,0029 - Heico - Sigma - 10.avi,How many different foreign object classes appear in this frame? Please provide a number.,1,1,0.904228,4,-0.100674,True,
2118422,0029 - Heico - Sigma - 10.avi,How many Sponges appear in this frame? Please provide a number.,1,1,0.99935,4,-0.00065,True,
2116421,0029 - Heico - Sigma - 10.avi,How many different foreign object instances appear in this frame? Please provide a number.,2,2,0.811102,4,-0.209362,True,
2116924,0029 - Heico - Sigma - 10.avi,How many different foreign object classes appear in this frame? Please provide a number.,1,1,0.996579,4,-0.003427,True,
2118425,0029 - Heico - Sigma - 10.avi,How many Sponges appear in this frame? Please provide a number.,1,1,0.999377,4,-0.000623,True,
2116425,0029 - Heico - Sigma - 10.avi,How many different foreign object instances appear in this frame? Please provide a number.,1,1,0.987448,4,-0.012632,True,
2116927,0029 - Heico - Sigma - 10.avi,How many different foreign object classes appear in this frame? Please provide a number.,1,1,0.986862,4,-0.013225,True,
2118427,0029 - Heico - Sigma - 10.avi,How many Sponges appear in this frame? Please provide a number.,1,1,0.999494,4,-0.000506,True,
2116427,0029 - Heico - Sigma - 10.avi,How many different foreign object instances appear in this frame? Please provide a number.,1,1,0.996899,4,-0.003106,True,
2116928,0029 - Heico - Sigma - 10.avi,How many different foreign object classes appear in this frame? Please provide a number.,1,1,0.995679,4,-0.00433,True,
2118429,0029 - Heico - Sigma - 10.avi,How many Sponges appear in this frame? Please provide a number.,1,1,0.996358,4,-0.003648,True,
2116428,0029 - Heico - Sigma - 10.avi,How many different foreign object instances appear in this frame? Please provide a number.,1,1,0.994948,4,-0.005065,True,
2195184,0020 - Heico - Sigma - 1.avi,How many different foreign object classes appear in this frame? Please provide a number.,2,1,0.951395,4,-0.049826,False,
2194200,0020 - Heico - Sigma - 1.avi,How many different foreign object instances appear in this frame? Please provide a number.,1,1,0.994953,4,-0.00506,True,
2194702,0020 - Heico - Sigma - 1.avi,How many different foreign object classes appear in this frame? Please provide a number.,1,1,0.955816,4,-0.04519,True,
2196200,0020 - Heico - Sigma - 1.avi,How many Sponges appear in this frame? Please provide a number.,1,1,0.998702,4,-0.001299,True,
2194204,0020 - Heico - Sigma - 1.avi,How many different foreign object instances appear in this frame? Please provide a number.,1,1,0.91111,4,-0.093092,True,
2194703,0020 - Heico - Sigma - 1.avi,How many different foreign object classes appear in this frame? Please provide a number.,1,1,0.965283,4,-0.035334,True,
2196201,0020 - Heico - Sigma - 1.avi,How many Sponges appear in this frame? Please provide a number.,1,1,0.998507,4,-0.001495,True,
2194206,0020 - Heico - Sigma - 1.avi,How many different foreign object instances appear in this frame? Please provide a number.,1,1,0.972345,4,-0.028044,True,
2194705,0020 - Heico - Sigma - 1.avi,How many different foreign object classes appear in this frame? Please provide a number.,1,1,0.971644,4,-0.028766,True,
2196203,0020 - Heico - Sigma - 1.avi,How many Sponges appear in this frame? Please provide a number.,1,1,0.998906,4,-0.001094,True,
2194207,0020 - Heico - Sigma - 1.avi,How many different foreign object instances appear in this frame? Please provide a number.,1,1,0.978845,4,-0.021382,True,
2194707,0020 - Heico - Sigma - 1.avi,How many different foreign object classes appear in this frame? Please provide a number.,1,1,0.980297,4,-0.0199,True,
2196205,0020 - Heico - Sigma - 1.avi,How many Sponges appear in this frame? Please provide a number.,1,1,0.998075,4,-0.001927,True,
2194208,0020 - Heico - Sigma - 1.avi,How many different foreign object instances appear in this frame? Please provide a number.,1,1,0.979029,4,-0.021194,True,
2194710,0020 - Heico - Sigma - 1.avi,How many different foreign object classes appear in this frame? Please provide a number.,1,1,0.97637,4,-0.023914,True,
2196206,0020 - Heico - Sigma - 1.avi,How many Sponges appear in this frame? Please provide a number.,1,1,0.998809,4,-0.001192,True,
2194211,0020 - Heico - Sigma - 1.avi,How many different foreign object instances appear in this frame? Please provide a number.,1,1,0.976913,4,-0.023358,True,
2194712,0020 - Heico - Sigma - 1.avi,How many different foreign object classes appear in this frame? Please provide a number.,1,1,0.961232,4,-0.03954,True,
2196207,0020 - Heico - Sigma - 1.avi,How many Sponges appear in this frame? Please provide a number.,1,1,0.998703,4,-0.001298,True,
2194212,0020 - Heico - Sigma - 1.avi,How many different foreign object instances appear in this frame? Please provide a number.,1,2,0.972715,4,-0.027664,False,
2194713,0020 - Heico - Sigma - 1.avi,How many different foreign object classes appear in this frame? Please provide a number.,1,1,0.981733,4,-0.018436,True,
2196209,0020 - Heico - Sigma - 1.avi,How many Sponges appear in this frame? Please provide a number.,1,1,0.997156,4,-0.002848,True,
2194213,0020 - Heico - Sigma - 1.avi,How many different foreign object instances appear in this frame? Please provide a number.,1,2,0.782547,4,-0.245202,False,
2194714,0020 - Heico - Sigma - 1.avi,How many different foreign object classes appear in this frame? Please provide a number.,1,1,0.981563,4,-0.018609,True,
2196210,0020 - Heico - Sigma - 1.avi,How many Sponges appear in this frame? Please provide a number.,1,1,0.997492,4,-0.002511,True,
2194215,0020 - Heico - Sigma - 1.avi,How many different foreign object instances appear in this frame? Please provide a number.,1,2,0.901273,4,-0.103947,False,
2194715,0020 - Heico - Sigma - 1.avi,How many different foreign object classes appear in this frame? Please provide a number.,1,1,0.986136,4,-0.013961,True,
2196211,0020 - Heico - Sigma - 1.avi,How many Sponges appear in this frame? Please provide a number.,1,1,0.997914,4,-0.002088,True,
2194219,0020 - Heico - Sigma - 1.avi,How many different foreign object instances appear in this frame? Please provide a number.,1,1,0.980011,4,-0.020191,True,
2257881,0021 - Heico - Sigma - 2.avi,How many different foreign object instances appear in this frame? Please provide a number.,2,3,0.849197,4,-0.163464,False,
2257880,0021 - Heico - Sigma - 2.avi,How many different foreign object instances appear in this frame? Please provide a number.,2,3,0.940518,4,-0.061325,False,
2258996,0021 - Heico - Sigma - 2.avi,How many Clips appear in this frame? Please provide a number.,2,3,0.933811,4,-0.068481,False,
2258997,0021 - Heico - Sigma - 2.avi,How many Clips appear in this frame? Please provide a number.,2,3,0.889388,4,-0.117222,False,
2257883,0021 - Heico - Sigma - 2.avi,How many different foreign object instances appear in this frame? Please provide a number.,2,1,0.975827,4,-0.02447,False,
2257954,0021 - Heico - Sigma - 2.avi,How many different foreign object classes appear in this frame? Please provide a number.,1,1,0.989178,4,-0.010881,True,
2259006,0021 - Heico - Sigma - 2.avi,How many Clips appear in this frame? Please provide a number.,2,3,0.894732,4,-0.111231,False,
2257897,0021 - Heico - Sigma - 2.avi,How many different foreign object instances appear in this frame? Please provide a number.,2,2,0.985543,4,-0.014563,True,
2257965,0021 - Heico - Sigma - 2.avi,How many different foreign object classes appear in this frame? Please provide a number.,1,1,0.979481,4,-0.020732,True,
2259016,0021 - Heico - Sigma - 2.avi,How many Clips appear in this frame? Please provide a number.,2,2,0.958978,4,-0.041887,True,
2257906,0021 - Heico - Sigma - 2.avi,How many different foreign object instances appear in this frame? Please provide a number.,2,3,0.985234,4,-0.014876,False,
2257973,0021 - Heico - Sigma - 2.avi,How many different foreign object classes appear in this frame? Please provide a number.,1,1,0.98339,4,-0.016749,True,
2259029,0021 - Heico - Sigma - 2.avi,How many Clips appear in this frame? Please provide a number.,2,3,0.97959,4,-0.020621,False,
2257920,0021 - Heico - Sigma - 2.avi,How many different foreign object instances appear in this frame? Please provide a number.,2,1,0.914058,4,-0.089862,False,
2257940,0021 - Heico - Sigma - 2.avi,How many different foreign object classes appear in this frame? Please provide a number.,1,1,0.991698,4,-0.008337,True,
2258977,0021 - Heico - Sigma - 2.avi,How many External drains appear in this frame? Please provide a number.,1,1,0.986564,4,-0.013528,True,
2257878,0021 - Heico - Sigma - 2.avi,How many different foreign object instances appear in this frame? Please provide a number.,1,1,0.952191,4,-0.048989,True,
2257945,0021 - Heico - Sigma - 2.avi,How many different foreign object classes appear in this frame? Please provide a number.,1,1,0.99239,4,-0.007639,True,
2258978,0021 - Heico - Sigma - 2.avi,How many External drains appear in this frame? Please provide a number.,1,1,0.996691,4,-0.003314,True,
2257889,0021 - Heico - Sigma - 2.avi,How many different foreign object instances appear in this frame? Please provide a number.,2,3,0.866462,4,-0.143337,False,
2257957,0021 - Heico - Sigma - 2.avi,How many different foreign object classes appear in this frame? Please provide a number.,1,1,0.983748,4,-0.016386,True,
2258979,0021 - Heico - Sigma - 2.avi,How many External drains appear in this frame? Please provide a number.,1,1,0.996729,4,-0.003276,True,
2257898,0021 - Heico - Sigma - 2.avi,How many different foreign object instances appear in this frame? Please provide a number.,2,2,0.944104,4,-0.057519,True,
2257966,0021 - Heico - Sigma - 2.avi,How many different foreign object classes appear in this frame? Please provide a number.,1,1,0.985279,4,-0.01483,True,
2258980,0021 - Heico - Sigma - 2.avi,How many External drains appear in this frame? Please provide a number.,1,1,0.996547,4,-0.003459,True,
2257907,0021 - Heico - Sigma - 2.avi,How many different foreign object instances appear in this frame? Please provide a number.,2,3,0.952169,4,-0.049013,False,
2257975,0021 - Heico - Sigma - 2.avi,How many different foreign object classes appear in this frame? Please provide a number.,1,1,0.988302,4,-0.011767,True,
2258981,0021 - Heico - Sigma - 2.avi,How many External drains appear in this frame? Please provide a number.,1,1,0.997715,4,-0.002287,True,
2257918,0021 - Heico - Sigma - 2.avi,How many different foreign object instances appear in this frame? Please provide a number.,2,2,0.854719,4,-0.156983,True,
2257986,0021 - Heico - Sigma - 2.avi,How many different foreign object classes appear in this frame? Please provide a number.,1,1,0.948271,4,-0.053115,True,
2258982,0021 - Heico - Sigma - 2.avi,How many External drains appear in this frame? Please provide a number.,1,1,0.996492,4,-0.003514,True,
2257936,0021 - Heico - Sigma - 2.avi,How many different foreign object instances appear in this frame? Please provide a number.,1,1,0.994875,4,-0.005138,True,
2258004,0021 - Heico - Sigma - 2.avi,How many different foreign object classes appear in this frame? Please provide a number.,1,,,0,,,missing frame
2258983,0021 - Heico - Sigma - 2.avi,How many External drains appear in this frame? Please provide a number.,1,1,0.996802,4,-0.003203,True,
2257875,0021 - Heico - Sigma - 2.avi,How many different foreign object instances appear in this frame? Please provide a number.,1,1,0.89096,4,-0.115456,True,
2257943,0021 - Heico - Sigma - 2.avi,How many different foreign object classes appear in this frame? Please provide a number.,1,1,0.979828,4,-0.020378,True,
2258984,0021 - Heico - Sigma - 2.avi,How many External drains appear in this frame? Please provide a number.,1,1,0.996328,4,-0.003679,True,
2257890,0021 - Heico - Sigma - 2.avi,How many different foreign object instances appear in this frame? Please provide a number.,2,3,0.860059,4,-0.150754,False,
2257958,0021 - Heico - Sigma - 2.avi,How many different foreign object classes appear in this frame? Please provide a number.,1,1,0.982424,4,-0.017733,True,
2258985,0021 - Heico - Sigma - 2.avi,How many External drains appear in this frame? Please provide a number.,1,1,0.996252,4,-0.003755,True,
2257896,0021 - Heico - Sigma - 2.avi,How many different foreign object instances appear in this frame? Please provide a number.,1,2,0.965482,4,-0.035128,False,
2257964,0021 - Heico - Sigma - 2.avi,How many different foreign object classes appear in this frame? Please provide a number.,1,1,0.987024,4,-0.013061,True,
2258986,0021 - Heico - Sigma - 2.avi,How many External drains appear in this frame? Please provide a number.,1,1,0.997676,4,-0.002327,True,
2257902,0021 - Heico - Sigma - 2.avi,How many different foreign object instances appear in this frame? Please provide a number.,2,1,0.869444,4,-0.139902,False,
2257969,0021 - Heico - Sigma - 2.avi,How many different foreign object classes appear in this frame? Please provide a number.,1,1,0.965527,4,-0.035081,True,
2258987,0021 - Heico - Sigma - 2.avi,How many External drains appear in this frame? Please provide a number.,1,1,0.996844,4,-0.003161,True,
2257905,0021 - Heico - Sigma - 2.avi,How many different foreign object instances appear in this frame? Please provide a number.,2,3,0.994811,4,-0.005202,False,
2257974,0021 - Heico - Sigma - 2.avi,How many different foreign object classes appear in this frame? Please provide a number.,1,1,0.987598,4,-0.01248,True,
2259026,0021 - Heico - Sigma - 2.avi,How many Clips appear in this frame? Please provide a number.,2,3,0.958284,4,-0.042611,False,
2257914,0021 - Heico - Sigma - 2.avi,How many different foreign object instances appear in this frame? Please provide a number.,2,3,0.954414,4,-0.046658,False,
2257983,0021 - Heico - Sigma - 2.avi,How many different foreign object classes appear in this frame? Please provide a number.,1,1,0.965872,4,-0.034724,True,
2259034,0021 - Heico - Sigma - 2.avi,How many Clips appear in this frame? Please provide a number.,2,2,0.848575,4,-0.164196,True,
2304059,0022 - Heico - Sigma - 3.avi,How many different foreign object instances appear in this frame? Please provide a number.,1,1,0.998048,4,-0.001954,True,
2304559,0022 - Heico - Sigma - 3.avi,How many different foreign object classes appear in this frame? Please provide a number.,1,1,0.993864,4,-0.006155,True,
2306059,0022 - Heico - Sigma - 3.avi,How many Sponges appear in this frame? Please provide a number.,1,1,0.998893,4,-0.001107,True,
2304060,0022 - Heico - Sigma - 3.avi,How many different foreign object instances appear in this frame? Please provide a number.,1,1,0.989691,4,-0.010363,True,
2304560,0022 - Heico - Sigma - 3.avi,How many different foreign object classes appear in this frame? Please provide a number.,1,1,0.992922,4,-0.007104,True,
2306060,0022 - Heico - Sigma - 3.avi,How many Sponges appear in this frame? Please provide a number.,1,1,0.999128,4,-0.000872,True,
2304061,0022 - Heico - Sigma - 3.avi,How many different foreign object instances appear in this frame? Please provide a number.,1,1,0.968033,4,-0.032489,True,
2304561,0022 - Heico - Sigma - 3.avi,How many different foreign object classes appear in this frame? Please provide a number.,1,1,0.992015,4,-0.008017,True,
2306061,0022 - Heico - Sigma - 3.avi,How many Sponges appear in this frame? Please provide a number.,1,1,0.999109,4,-0.000891,True,
2304062,0022 - Heico - Sigma - 3.avi,How many different foreign object instances appear in this frame? Please provide a number.,1,1,0.954211,4,-0.046871,True,
2304562,0022 - Heico - Sigma - 3.avi,How many different foreign object classes appear in this frame? Please provide a number.,1,1,0.990977,4,-0.009064,True,
2306062,0022 - Heico - Sigma - 3.avi,How many Sponges appear in this frame? Please provide a number.,1,1,0.998805,4,-0.001196,True,
2304063,0022 - Heico - Sigma - 3.avi,How many different foreign object instances appear in this frame? Please provide a number.,1,1,0.859644,4,-0.151237,True,
2304564,0022 - Heico - Sigma - 3.avi,How many different foreign object classes appear in this frame? Please provide a number.,1,1,0.988015,4,-0.012058,True,
2306063,0022 - Heico - Sigma - 3.avi,How many Sponges appear in this frame? Please provide a number.,1,1,0.997777,4,-0.002225,True,
2304064,0022 - Heico - Sigma - 3.avi,How many different foreign object instances appear in this frame? Please provide a number.,1,1,0.995141,4,-0.004871,True,
2304565,0022 - Heico - Sigma - 3.avi,How many different foreign object classes appear in this frame? Please provide a number.,2,1,0.972482,4,-0.027904,False,
2306064,0022 - Heico - Sigma - 3.avi,How many Sponges appear in this frame? Please provide a number.,1,1,0.999125,4,-0.000875,True,
2304065,0022 - Heico - Sigma - 3.avi,How many different foreign object instances appear in this frame? Please provide a number.,1,1,0.822183,4,-0.195792,True,
2304566,0022 - Heico - Sigma - 3.avi,How many different foreign object classes appear in this frame? Please provide a number.,1,1,0.993961,4,-0.006058,True,
2306065,0022 - Heico - Sigma - 3.avi,How many Sponges appear in this frame? Please provide a number.,1,1,0.998841,4,-0.00116,True,
2304066,0022 - Heico - Sigma - 3.avi,How many different foreign object instances appear in this frame? Please provide a number.,1,1,0.997701,4,-0.002302,True,
2304567,0022 - Heico - Sigma - 3.avi,How many different foreign object classes appear in this frame? Please provide a number.,1,1,0.993333,4,-0.00669,True,
2306066,0022 - Heico - Sigma - 3.avi,How many Sponges appear in this frame? Please provide a number.,1,1,0.998815,4,-0.001186,True,
2304067,0022 - Heico - Sigma - 3.avi,How many different foreign object instances appear in this frame? Please provide a number.,1,1,0.907139,4,-0.097459,True,
2304568,0022 - Heico - Sigma - 3.avi,How many different foreign object classes appear in this frame? Please provide a number.,1,1,0.997399,4,-0.002604,True,
2306067,0022 - Heico - Sigma - 3.avi,How many Sponges appear in this frame? Please provide a number.,1,1,0.998478,4,-0.001523,True,
2381138,0023 - Heico - Sigma - 4.avi,How many different foreign object instances appear in this frame? Please provide a number.,4,1,0.901714,4,-0.103458,False,
2381638,0023 - Heico - Sigma - 4.avi,How many different foreign object classes appear in this frame? Please provide a number.,1,1,0.990573,4,-0.009472,True,
2383138,0023 - Heico - Sigma - 4.avi,How many Sponges appear in this frame? Please provide a number.,1,1,0.997873,4,-0.002129,True,
2381139,0023 - Heico - Sigma - 4.avi,How many different foreign object instances appear in this frame? Please provide a number.,4,1,0.847523,4,-0.165437,False,
2381639,0023 - Heico - Sigma - 4.avi,How many different foreign object classes appear in this frame? Please provide a number.,1,1,0.996121,4,-0.003886,True,
2383139,0023 - Heico - Sigma - 4.avi,How many Sponges appear in this frame? Please provide a number.,1,1,0.997397,4,-0.002606,True,
2381140,0023 - Heico - Sigma - 4.avi,How many different foreign object instances appear in this frame? Please provide a number.,1,1,0.990092,4,-0.009958,True,
2381640,0023 - Heico - Sigma - 4.avi,How many different foreign object classes appear in this frame? Please provide a number.,1,1,0.991671,4,-0.008364,True,
2383141,0023 - Heico - Sigma - 4.avi,How many Sponges appear in this frame? Please provide a number.,1,1,0.997661,4,-0.002342,True,
2381141,0023 - Heico - Sigma - 4.avi,How many different foreign object instances appear in this frame? Please provide a number.,1,1,0.925713,4,-0.077191,True,
2381641,0023 - Heico - Sigma - 4.avi,How many different foreign object classes appear in this frame? Please provide a number.,1,1,0.965353,4,-0.035262,True,
2383142,0023 - Heico - Sigma - 4.avi,How many Sponges appear in this frame? Please provide a number.,1,1,0.969249,4,-0.031233,True,
2381142,0023 - Heico - Sigma - 4.avi,How many different foreign object instances appear in this frame? Please provide a number.,2,1,0.938156,4,-0.063839,False,
2381643,0023 - Heico - Sigma - 4.avi,How many different foreign object classes appear in this frame? Please provide a number.,1,1,0.929064,4,-0.073577,True,
2383144,0023 - Heico - Sigma - 4.avi,How many Sponges appear in this frame? Please provide a number.,1,1,0.994043,4,-0.005975,True,
2381144,0023 - Heico - Sigma - 4.avi,How many different foreign object instances appear in this frame? Please provide a number.,3,1,0.843187,4,-0.170567,False,
2381645,0023 - Heico - Sigma - 4.avi,How many different foreign object classes appear in this frame? Please provide a number.,1,1,0.967055,4,-0.0335,True,
2383146,0023 - Heico - Sigma - 4.avi,How many Sponges appear in this frame? Please provide a number.,1,1,0.997052,4,-0.002952,True,
2381145,0023 - Heico - Sigma - 4.avi,How many different foreign object instances appear in this frame? Please provide a number.,8,5,0.810772,4,-0.209768,False,
2381646,0023 - Heico - Sigma - 4.avi,How many different foreign object classes appear in this frame? Please provide a number.,1,1,0.959609,4,-0.041229,True,
2383147,0023 - Heico - Sigma - 4.avi,How many Sponges appear in this frame? Please provide a number.,1,1,0.988096,4,-0.011975,True,
2381146,0023 - Heico - Sigma - 4.avi,How many different foreign object instances appear in this frame? Please provide a number.,1,1,0.978973,4,-0.021251,True,
2381647,0023 - Heico - Sigma - 4.avi,How many different foreign object classes appear in this frame? Please provide a number.,1,1,0.99127,4,-0.008768,True,
2383148,0023 - Heico - Sigma - 4.avi,How many Sponges appear in this frame? Please provide a number.,1,1,0.99606,4,-0.003948,True,
2381148,0023 - Heico - Sigma - 4.avi,How many different foreign object instances appear in this frame? Please provide a number.,1,1,0.98828,4,-0.011789,True,
2381648,0023 - Heico - Sigma - 4.avi,How many different foreign object classes appear in this frame? Please provide a number.,1,1,0.963721,4,-0.036953,True,
2383149,0023 - Heico - Sigma - 4.avi,How many Sponges appear in this frame? Please provide a number.,1,1,0.997389,4,-0.002615,True,
2469644,0024 - Heico - Sigma - 5.avi,How many different foreign object instances appear in this frame? Please provide a number.,1,1,0.931506,4,-0.070953,True,
2470144,0024 - Heico - Sigma - 5.avi,How many different foreign object classes appear in this frame? Please provide a number.,1,1,0.981525,4,-0.018648,True,
2471359,0024 - Heico - Sigma - 5.avi,How many Sponges appear in this frame? Please provide a number.,1,1,0.996675,4,-0.00333,True,
2469645,0024 - Heico - Sigma - 5.avi,How many different foreign object instances appear in this frame? Please provide a number.,1,1,0.938074,4,-0.063926,True,
2470145,0024 - Heico - Sigma - 5.avi,How many different foreign object classes appear in this frame? Please provide a number.,1,1,0.99466,4,-0.005354,True,
2471361,0024 - Heico - Sigma - 5.avi,How many Sponges appear in this frame? Please provide a number.,1,1,0.997412,4,-0.002591,True,
2469646,0024 - Heico - Sigma - 5.avi,How many different foreign object instances appear in this frame? Please provide a number.,1,1,0.997115,4,-0.002889,True,
2470146,0024 - Heico - Sigma - 5.avi,How many different foreign object classes appear in this frame? Please provide a number.,1,1,0.989505,4,-0.01055,True,
2471362,0024 - Heico - Sigma - 5.avi,How many Sponges appear in this frame? Please provide a number.,1,1,0.999036,4,-0.000965,True,
2469647,0024 - Heico - Sigma - 5.avi,How many different foreign object instances appear in this frame? Please provide a number.,1,1,0.972015,4,-0.028384,True,
2470147,0024 - Heico - Sigma - 5.avi,How many different foreign object classes appear in this frame? Please provide a number.,1,1,0.990441,4,-0.009605,True,
2471363,0024 - Heico - Sigma - 5.avi,How many Sponges appear in this frame? Please provide a number.,1,1,0.996589,4,-0.003417,True,
2469648,0024 - Heico - Sigma - 5.avi,How many different foreign object instances appear in this frame? Please provide a number.,1,1,0.921838,4,-0.081386,True,
2470149,0024 - Heico - Sigma - 5.avi,How many different foreign object classes appear in this frame? Please provide a number.,1,1,0.993923,4,-0.006095,True,
2471364,0024 - Heico - Sigma - 5.avi,How many Sponges appear in this frame? Please provide a number.,1,1,0.996512,4,-0.003494,True,
2469649,0024 - Heico - Sigma - 5.avi,How many different foreign object instances appear in this frame? Please provide a number.,1,1,0.983312,4,-0.016829,True,
2470150,0024 - Heico - Sigma - 5.avi,How many different foreign object classes appear in this frame? Please provide a number.,1,1,0.990309,4,-0.009738,True,
2471366,0024 - Heico - Sigma - 5.avi,How many Sponges appear in this frame? Please provide a number.,1,1,0.997714,4,-0.002288,True,
2469650,0024 - Heico - Sigma - 5.avi,How many different foreign object instances appear in this frame? Please provide a number.,1,1,0.972218,4,-0.028175,True,
2470151,0024 - Heico - Sigma - 5.avi,How many different foreign object classes appear in this frame? Please provide a number.,2,1,0.950335,4,-0.050941,False,
2471367,0024 - Heico - Sigma - 5.avi,How many Sponges appear in this frame? Please provide a number.,1,1,0.994576,4,-0.005438,True,
2469651,0024 - Heico - Sigma - 5.avi,How many different foreign object instances appear in this frame? Please provide a number.,1,1,0.996709,4,-0.003297,True,
2470152,0024 - Heico - Sigma - 5.avi,How many different foreign object classes appear in this frame? Please provide a number.,1,1,0.982176,4,-0.017985,True,
2471369,0024 - Heico - Sigma - 5.avi,How many Sponges appear in this frame? Please provide a number.,1,1,0.997794,4,-0.002209,True,
2578513,0025 - Heico - Sigma - 6.avi,How many different foreign object instances appear in this frame? Please provide a number.,1,1,0.958774,4,-0.0421,True,
2578717,0025 - Heico - Sigma - 6.avi,How many different foreign object classes appear in this frame? Please provide a number.,1,1,0.972941,4,-0.027432,True,
2579917,0025 - Heico - Sigma - 6.avi,How many External drains appear in this frame? Please provide a number.,1,1,0.994821,4,-0.005192,True,
2578520,0025 - Heico - Sigma - 6.avi,How many different foreign object instances appear in this frame? Please provide a number.,1,1,0.953072,4,-0.048064,True,
2578725,0025 - Heico - Sigma - 6.avi,How many different foreign object classes appear in this frame? Please provide a number.,1,1,0.987401,4,-0.012679,True,
2579918,0025 - Heico - Sigma - 6.avi,How many External drains appear in this frame? Please provide a number.,1,1,0.996159,4,-0.003848,True,
2578526,0025 - Heico - Sigma - 6.avi,How many different foreign object instances appear in this frame? Please provide a number.,1,1,0.972453,4,-0.027934,True,
2579919,0025 - Heico - Sigma - 6.avi,How many External drains appear in this frame? Please provide a number.,1,1,0.997645,4,-0.002358,True,
2578535,0025 - Heico - Sigma - 6.avi,How many different foreign object instances appear in this frame? Please provide a number.,1,1,0.959466,4,-0.041378,True,
2579920,0025 - Heico - Sigma - 6.avi,How many External drains appear in this frame? Please provide a number.,1,1,0.994596,4,-0.005419,True,
2578542,0025 - Heico - Sigma - 6.avi,How many different foreign object instances appear in this frame? Please provide a number.,1,1,0.905865,4,-0.098865,True,
2578746,0025 - Heico - Sigma - 6.avi,How many different foreign object classes appear in this frame? Please provide a number.,1,1,0.983263,4,-0.016879,True,
2579921,0025 - Heico - Sigma - 6.avi,How many External drains appear in this frame? Please provide a number.,1,1,0.995062,4,-0.00495,True,
2578548,0025 - Heico - Sigma - 6.avi,How many different foreign object instances appear in this frame? Please provide a number.,1,1,0.977993,4,-0.022252,True,
2578752,0025 - Heico - Sigma - 6.avi,How many different foreign object classes appear in this frame? Please provide a number.,1,1,0.984832,4,-0.015284,True,
2579923,0025 - Heico - Sigma - 6.avi,How many External drains appear in this frame? Please provide a number.,1,1,0.989629,4,-0.010425,True,
2578553,0025 - Heico - Sigma - 6.avi,How many different foreign object instances appear in this frame? Please provide a number.,1,1,0.91324,4,-0.090756,True,
2578760,0025 - Heico - Sigma - 6.avi,How many different foreign object classes appear in this frame? Please provide a number.,1,1,0.970464,4,-0.029981,True,
2579924,0025 - Heico - Sigma - 6.avi,How many External drains appear in this frame? Please provide a number.,1,1,0.988151,4,-0.011919,True,
2578562,0025 - Heico - Sigma - 6.avi,How many different foreign object instances appear in this frame? Please provide a number.,1,1,0.935434,4,-0.066744,True,
2578775,0025 - Heico - Sigma - 6.avi,How many different foreign object classes appear in this frame? Please provide a number.,1,2,0.880886,4,-0.126827,False,
2579928,0025 - Heico - Sigma - 6.avi,How many External drains appear in this frame? Please provide a number.,1,1,0.992761,4,-0.007265,True,
2578579,0025 - Heico - Sigma - 6.avi,How many different foreign object instances appear in this frame? Please provide a number.,1,1,0.977212,4,-0.023052,True,
2578784,0025 - Heico - Sigma - 6.avi,How many different foreign object classes appear in this frame? Please provide a number.,1,1,0.991666,4,-0.008369,True,
2579936,0025 - Heico - Sigma - 6.avi,How many External drains appear in this frame? Please provide a number.,1,1,0.99378,4,-0.00624,True,
2578592,0025 - Heico - Sigma - 6.avi,How many different foreign object instances appear in this frame? Please provide a number.,1,1,0.924424,4,-0.078585,True,
2578799,0025 - Heico - Sigma - 6.avi,How many different foreign object classes appear in this frame? Please provide a number.,1,1,0.988061,4,-0.012011,True,
2579951,0025 - Heico - Sigma - 6.avi,How many External drains appear in this frame? Please provide a number.,1,1,0.997161,4,-0.002843,True,
2578607,0025 - Heico - Sigma - 6.avi,How many different foreign object instances appear in this frame? Please provide a number.,1,1,0.907284,4,-0.0973,True,
2578813,0025 - Heico - Sigma - 6.avi,How many different foreign object classes appear in this frame? Please provide a number.,1,1,0.877876,4,-0.130249,True,
2579968,0025 - Heico - Sigma - 6.avi,How many External drains appear in this frame? Please provide a number.,1,1,0.994676,4,-0.005338,True,
2578623,0025 - Heico - Sigma - 6.avi,How many different foreign object instances appear in this frame? Please provide a number.,1,1,0.974078,4,-0.026264,True,
2578828,0025 - Heico - Sigma - 6.avi,How many different foreign object classes appear in this frame? Please provide a number.,1,1,0.970065,4,-0.030392,True,
2579982,0025 - Heico - Sigma - 6.avi,How many External drains appear in this frame? Please provide a number.,1,1,0.996895,4,-0.00311,True,
2578633,0025 - Heico - Sigma - 6.avi,How many different foreign object instances appear in this frame? Please provide a number.,1,1,0.940997,4,-0.060815,True,
2578838,0025 - Heico - Sigma - 6.avi,How many different foreign object classes appear in this frame? Please provide a number.,1,1,0.888988,4,-0.117672,True,
2579990,0025 - Heico - Sigma - 6.avi,How many External drains appear in this frame? Please provide a number.,1,1,0.995085,4,-0.004927,True,
2578643,0025 - Heico - Sigma - 6.avi,How many different foreign object instances appear in this frame? Please provide a number.,1,1,0.977578,4,-0.022677,True,
2578849,0025 - Heico - Sigma - 6.avi,How many different foreign object classes appear in this frame? Please provide a number.,1,1,0.980234,4,-0.019964,True,
2580002,0025 - Heico - Sigma - 6.avi,How many External drains appear in this frame? Please provide a number.,1,1,0.99723,4,-0.002774,True,
2578653,0025 - Heico - Sigma - 6.avi,How many different foreign object instances appear in this frame? Please provide a number.,1,2,0.922329,4,-0.080853,False,
2578859,0025 - Heico - Sigma - 6.avi,How many different foreign object classes appear in this frame? Please provide a number.,1,1,0.958763,4,-0.042111,True,
2580013,0025 - Heico - Sigma - 6.avi,How many External drains appear in this frame? Please provide a number.,1,1,0.99385,4,-0.006169,True,
2578667,0025 - Heico - Sigma - 6.avi,How many different foreign object instances appear in this frame? Please provide a number.,1,2,0.913166,4,-0.090837,False,
2578873,0025 - Heico - Sigma - 6.avi,How many different foreign object classes appear in this frame? Please provide a number.,1,1,0.978303,4,-0.021936,True,
2580025,0025 - Heico - Sigma - 6.avi,How many External drains appear in this frame? Please provide a number.,1,1,0.990861,4,-0.009181,True,
2630440,0026 - Heico - Sigma - 7.avi,How many different foreign object instances appear in this frame? Please provide a number.,3,2,0.924189,4,-0.078839,False,
2630290,0026 - Heico - Sigma - 7.avi,How many different foreign object instances appear in this frame? Please provide a number.,1,1,0.980725,4,-0.019463,True,
2630790,0026 - Heico - Sigma - 7.avi,How many different foreign object classes appear in this frame? Please provide a number.,1,1,0.995878,4,-0.00413,True,
2632179,0026 - Heico - Sigma - 7.avi,How many Sponges appear in this frame? Please provide a number.,1,1,0.998447,4,-0.001554,True,
2630291,0026 - Heico - Sigma - 7.avi,How many different foreign object instances appear in this frame? Please provide a number.,1,1,0.996747,4,-0.003258,True,
2630791,0026 - Heico - Sigma - 7.avi,How many different foreign object classes appear in this frame? Please provide a number.,2,1,0.967925,4,-0.032601,False,
2632180,0026 - Heico - Sigma - 7.avi,How many Sponges appear in this frame? Please provide a number.,1,1,0.997189,4,-0.002815,True,
2630292,0026 - Heico - Sigma - 7.avi,How many different foreign object instances appear in this frame? Please provide a number.,1,1,0.992714,4,-0.007313,True,
2630792,0026 - Heico - Sigma - 7.avi,How many different foreign object classes appear in this frame? Please provide a number.,1,1,0.979358,4,-0.020858,True,
2632181,0026 - Heico - Sigma - 7.avi,How many Sponges appear in this frame? Please provide a number.,1,1,0.999132,4,-0.000868,True,
2630294,0026 - Heico - Sigma - 7.avi,How many different foreign object instances appear in this frame? Please provide a number.,1,1,0.987281,4,-0.0128,True,
2630793,0026 - Heico - Sigma - 7.avi,How many different foreign object classes appear in this frame? Please provide a number.,1,1,0.987812,4,-0.012263,True,
2632183,0026 - Heico - Sigma - 7.avi,How many Sponges appear in this frame? Please provide a number.,1,1,0.997399,4,-0.002604,True,
2630296,0026 - Heico - Sigma - 7.avi,How many different foreign object instances appear in this frame? Please provide a number.,1,3,0.889549,4,-0.117041,False,
2630794,0026 - Heico - Sigma - 7.avi,How many different foreign object classes appear in this frame? Please provide a number.,2,1,0.877701,4,-0.130449,False,
2632185,0026 - Heico - Sigma - 7.avi,How many Sponges appear in this frame? Please provide a number.,1,1,0.996557,4,-0.003449,True,
2630298,0026 - Heico - Sigma - 7.avi,How many different foreign object instances appear in this frame? Please provide a number.,1,1,0.994482,4,-0.005533,True,
2630796,0026 - Heico - Sigma - 7.avi,How many different foreign object classes appear in this frame? Please provide a number.,1,1,0.990644,4,-0.0094,True,
2632187,0026 - Heico - Sigma - 7.avi,How many Sponges appear in this frame? Please provide a number.,1,1,0.954256,4,-0.046823,True,
2630299,0026 - Heico - Sigma - 7.avi,How many different foreign object instances appear in this frame? Please provide a number.,1,1,0.950684,4,-0.050573,True,
2630798,0026 - Heico - Sigma - 7.avi,How many different foreign object classes appear in this frame? Please provide a number.,1,1,0.992568,4,-0.00746,True,
2632189,0026 - Heico - Sigma - 7.avi,How many Sponges appear in this frame? Please provide a number.,1,1,0.995768,4,-0.004241,True,
2630300,0026 - Heico - Sigma - 7.avi,How many different foreign object instances appear in this frame? Please provide a number.,1,1,0.987458,4,-0.012622,True,
2630799,0026 - Heico - Sigma - 7.avi,How many different foreign object classes appear in this frame? Please provide a number.,1,1,0.980625,4,-0.019565,True,
2632190,0026 - Heico - Sigma - 7.avi,How many Sponges appear in this frame? Please provide a number.,1,1,0.99834,4,-0.001661,True,
2630301,0026 - Heico - Sigma - 7.avi,How many different foreign object instances appear in this frame? Please provide a number.,1,1,0.980931,4,-0.019253,True,
2630800,0026 - Heico - Sigma - 7.avi,How many different foreign object classes appear in this frame? Please provide a number.,2,1,0.993112,4,-0.006912,False,
2632191,0026 - Heico - Sigma - 7.avi,How many Sponges appear in this frame? Please provide a number.,1,1,0.99245,4,-0.007579,True,
2716077,0027 - Heico - Sigma - 8.avi,How many different foreign object instances appear in this frame? Please provide a number.,1,1,0.990937,4,-0.009104,True,
2716578,0027 - Heico - Sigma - 8.avi,How many different foreign object classes appear in this frame? Please provide a number.,1,1,0.94368,4,-0.057969,True,
2718077,0027 - Heico - Sigma - 8.avi,How many Sponges appear in this frame? Please provide a number.,1,1,0.996755,4,-0.003251,True,
2716079,0027 - Heico - Sigma - 8.avi,How many different foreign object instances appear in this frame? Please provide a number.,1,2,0.852914,4,-0.159096,False,
2716579,0027 - Heico - Sigma - 8.avi,How many different foreign object classes appear in this frame? Please provide a number.,1,1,0.993489,4,-0.006532,True,
2718078,0027 - Heico - Sigma - 8.avi,How many Sponges appear in this frame? Please provide a number.,1,1,0.998847,4,-0.001154,True,
2716080,0027 - Heico - Sigma - 8.avi,How many different foreign object instances appear in this frame? Please provide a number.,1,1,0.977423,4,-0.022835,True,
2716580,0027 - Heico - Sigma - 8.avi,How many different foreign object classes appear in this frame? Please provide a number.,1,1,0.983682,4,-0.016452,True,
2718080,0027 - Heico - Sigma - 8.avi,How many Sponges appear in this frame? Please provide a number.,1,1,0.992674,4,-0.007353,True,
2716082,0027 - Heico - Sigma - 8.avi,How many different foreign object instances appear in this frame? Please provide a number.,1,1,0.955322,4,-0.045707,True,
2716581,0027 - Heico - Sigma - 8.avi,How many different foreign object classes appear in this frame? Please provide a number.,1,1,0.966543,4,-0.03403,True,
2718081,0027 - Heico - Sigma - 8.avi,How many Sponges appear in this frame? Please provide a number.,1,1,0.9952,4,-0.004811,True,
2716083,0027 - Heico - Sigma - 8.avi,How many different foreign object instances appear in this frame? Please provide a number.,4,4,0.934734,4,-0.067493,True,
2716582,0027 - Heico - Sigma - 8.avi,How many different foreign object classes appear in this frame? Please provide a number.,1,1,0.978741,4,-0.021488,True,
2718083,0027 - Heico - Sigma - 8.avi,How many Sponges appear in this frame? Please provide a number.,1,1,0.997443,4,-0.00256,True,
2716084,0027 - Heico - Sigma - 8.avi,How many different foreign object instances appear in this frame? Please provide a number.,2,1,0.93737,4,-0.064677,False,
2716583,0027 - Heico - Sigma - 8.avi,How many different foreign object classes appear in this frame? Please provide a number.,1,1,0.990123,4,-0.009926,True,
2718084,0027 - Heico - Sigma - 8.avi,How many Sponges appear in this frame? Please provide a number.,1,1,0.999006,4,-0.000995,True,
2716085,0027 - Heico - Sigma - 8.avi,How many different foreign object instances appear in this frame? Please provide a number.,1,1,0.982964,4,-0.017183,True,
2716584,0027 - Heico - Sigma - 8.avi,How many different foreign object classes appear in this frame? Please provide a number.,1,1,0.91603,4,-0.087706,True,
2718085,0027 - Heico - Sigma - 8.avi,How many Sponges appear in this frame? Please provide a number.,1,1,0.995444,4,-0.004567,True,
2716086,0027 - Heico - Sigma - 8.avi,How many different foreign object instances appear in this frame? Please provide a number.,1,1,0.997454,4,-0.002549,True,
2716585,0027 - Heico - Sigma - 8.avi,How many different foreign object classes appear in this frame? Please provide a number.,1,1,0.957244,4,-0.043697,True,
2718086,0027 - Heico - Sigma - 8.avi,How many Sponges appear in this frame? Please provide a number.,1,1,0.998602,4,-0.001399,True,
2716087,0027 - Heico - Sigma - 8.avi,How many different foreign object instances appear in this frame? Please provide a number.,1,1,0.997487,4,-0.002516,True,
2716586,0027 - Heico - Sigma - 8.avi,How many different foreign object classes appear in this frame? Please provide a number.,1,1,0.954017,4,-0.047074,True,
2811950,0028 - Heico - Sigma - 9.avi,How many different foreign object instances appear in this frame? Please provide a number.,1,1,0.993787,4,-0.006233,True,
2812450,0028 - Heico - Sigma - 9.avi,How many different foreign object classes appear in this frame? Please provide a number.,1,1,0.953272,4,-0.047855,True,
2813773,0028 - Heico - Sigma - 9.avi,How many Sponges appear in this frame? Please provide a number.,1,1,0.997768,4,-0.002234,True,
2811951,0028 - Heico - Sigma - 9.avi,How many different foreign object instances appear in this frame? Please provide a number.,1,1,0.975204,4,-0.025109,True,
2812451,0028 - Heico - Sigma - 9.avi,How many different foreign object classes appear in this frame? Please provide a number.,1,1,0.963993,4,-0.036671,True,
2813774,0028 - Heico - Sigma - 9.avi,How many Sponges appear in this frame? Please provide a number.,1,1,0.99889,4,-0.001111,True,
2811952,0028 - Heico - Sigma - 9.avi,How many different foreign object instances appear in this frame? Please provide a number.,1,1,0.983879,4,-0.016252,True,
2812452,0028 - Heico - Sigma - 9.avi,How many different foreign object classes appear in this frame? Please provide a number.,1,1,0.985884,4,-0.014216,True,
2813775,0028 - Heico - Sigma - 9.avi,How many Sponges appear in this frame? Please provide a number.,1,1,0.994952,4,-0.005061,True,
2811953,0028 - Heico - Sigma - 9.avi,How many different foreign object instances appear in this frame? Please provide a number.,1,1,0.989209,4,-0.01085,True,
2812454,0028 - Heico - Sigma - 9.avi,How many different foreign object classes appear in this frame? Please provide a number.,1,1,0.991142,4,-0.008897,True,
2813776,0028 - Heico - Sigma - 9.avi,How many Sponges appear in this frame? Please provide a number.,1,1,0.953978,4,-0.047115,True,
2811954,0028 - Heico - Sigma - 9.avi,How many different foreign object instances appear in this frame? Please provide a number.,1,1,0.937091,4,-0.064975,True,
2812455,0028 - Heico - Sigma - 9.avi,How many different foreign object classes appear in this frame? Please provide a number.,1,1,0.985511,4,-0.014595,True,
2813777,0028 - Heico - Sigma - 9.avi,How many Sponges appear in this frame? Please provide a number.,1,1,0.997736,4,-0.002267,True,
2811955,0028 - Heico - Sigma - 9.avi,How many different foreign object instances appear in this frame? Please provide a number.,1,1,0.987551,4,-0.012527,True,
2812456,0028 - Heico - Sigma - 9.avi,How many different foreign object classes appear in this frame? Please provide a number.,2,1,0.893076,4,-0.113083,False,
2813778,0028 - Heico - Sigma - 9.avi,How many Sponges appear in this frame? Please provide a number.,1,1,0.997189,4,-0.002815,True,
2811956,0028 - Heico - Sigma - 9.avi,How many different foreign object instances appear in this frame? Please provide a number.,1,1,0.996003,4,-0.004005,True,
2812457,0028 - Heico - Sigma - 9.avi,How many different foreign object classes appear in this frame? Please provide a number.,1,1,0.978442,4,-0.021794,True,
2813779,0028 - Heico - Sigma - 9.avi,How many Sponges appear in this frame? Please provide a number.,1,1,0.997956,4,-0.002046,True,
2116444,0029 - Heico - Sigma - 10.avi,How many different foreign object instances appear in this frame? Please provide a number.,1,1,0.993811,4,-0.006209,True,
2116926,0029 - Heico - Sigma - 10.avi,How many different foreign object classes appear in this frame? Please provide a number.,1,1,0.987415,4,-0.012665,True,
2116452,0029 - Heico - Sigma - 10.avi,How many different foreign object instances appear in this frame? Please provide a number.,5,3,0.852783,4,-0.15925,False,
2116951,0029 - Heico - Sigma - 10.avi,How many different foreign object classes appear in this frame? Please provide a number.,1,1,0.990883,4,-0.009159,True,
2118433,0029 - Heico - Sigma - 10.avi,How many Sponges appear in this frame? Please provide a number.,1,1,0.998615,4,-0.001386,True,
2118452,0029 - Heico - Sigma - 10.avi,How many Sponges appear in this frame? Please provide a number.,1,1,0.999006,4,-0.000995,True,
2116941,0029 - Heico - Sigma - 10.avi,How many different foreign object classes appear in this frame? Please provide a number.,2,1,0.969241,4,-0.031241,False,
2194742,0020 - Heico - Sigma - 1.avi,How many different foreign object classes appear in this frame? Please provide a number.,1,1,0.972188,4,-0.028207,True,
2196215,0020 - Heico - Sigma - 1.avi,How many Sponges appear in this frame? Please provide a number.,1,1,0.997699,4,-0.002303,True,
2196217,0020 - Heico - Sigma - 1.avi,How many Sponges appear in this frame? Please provide a number.,1,1,0.997622,4,-0.002381,True,
2196218,0020 - Heico - Sigma - 1.avi,How many Sponges appear in this frame? Please provide a number.,1,1,0.99793,4,-0.002072,True,
2257939,0021 - Heico - Sigma - 2.avi,How many different foreign object classes appear in this frame? Please provide a number.,1,1,0.985514,4,-0.014592,True,
2258992,0021 - Heico - Sigma - 2.avi,How many Clips appear in this frame? Please provide a number.,1,1,0.980259,4,-0.019938,True,
2257950,0021 - Heico - Sigma - 2.avi,How many different foreign object classes appear in this frame? Please provide a number.,1,1,0.981435,4,-0.01874,True,
2257885,0021 - Heico - Sigma - 2.avi,How many different foreign object instances appear in this frame? Please provide a number.,1,2,0.984952,4,-0.015162,False,
2257895,0021 - Heico - Sigma - 2.avi,How many different foreign object instances appear in this frame? Please provide a number.,2,1,0.905971,4,-0.098748,False,
2257960,0021 - Heico - Sigma - 2.avi,How many different foreign object classes appear in this frame? Please provide a number.,1,1,0.985507,4,-0.014599,True,
2257899,0021 - Heico - Sigma - 2.avi,How many different foreign object instances appear in this frame? Please provide a number.,2,2,0.870325,4,-0.138889,True,
2257903,0021 - Heico - Sigma - 2.avi,How many different foreign object instances appear in this frame? Please provide a number.,2,1,0.792442,4,-0.232636,False,
2257904,0021 - Heico - Sigma - 2.avi,How many different foreign object instances appear in this frame? Please provide a number.,1,1,0.931641,4,-0.070807,True,
2304569,0022 - Heico - Sigma - 3.avi,How many different foreign object classes appear in this frame? Please provide a number.,1,1,0.994537,4,-0.005478,True,
2304578,0022 - Heico - Sigma - 3.avi,How many different foreign object classes appear in this frame? Please provide a number.,1,1,0.984891,4,-0.015225,True,
2383152,0023 - Heico - Sigma - 4.avi,How many Sponges appear in this frame? Please provide a number.,1,1,0.995059,4,-0.004953,True,
2381663,0023 - Heico - Sigma - 4.avi,How many different foreign object classes appear in this frame? Please provide a number.,1,1,0.884597,4,-0.122623,True,
2469656,0024 - Heico - Sigma - 5.avi,How many different foreign object instances appear in this frame? Please provide a number.,1,1,0.996099,4,-0.003909,True,
2470159,0024 - Heico - Sigma - 5.avi,How many different foreign object classes appear in this frame? Please provide a number.,1,1,0.96779,4,-0.03274,True,
2471375,0024 - Heico - Sigma - 5.avi,How many Sponges appear in this frame? Please provide a number.,1,1,0.998694,4,-0.001307,True,
2470168,0024 - Heico - Sigma - 5.avi,How many different foreign object classes appear in this frame? Please provide a number.,1,1,0.989989,4,-0.010061,True,
2470164,0024 - Heico - Sigma - 5.avi,How many different foreign object classes appear in this frame? Please provide a number.,1,1,0.896313,4,-0.109465,True,
2471383,0024 - Heico - Sigma - 5.avi,How many Sponges appear in this frame? Please provide a number.,1,1,0.991604,4,-0.008432,True,
2578651,0025 - Heico - Sigma - 6.avi,How many different foreign object instances appear in this frame? Please provide a number.,1,1,0.992035,4,-0.007997,True,
2578665,0025 - Heico - Sigma - 6.avi,How many different foreign object instances appear in this frame? Please provide a number.,1,1,0.988206,4,-0.011864,True,
2579930,0025 - Heico - Sigma - 6.avi,How many External drains appear in this frame? Please provide a number.,1,1,0.886943,4,-0.119974,True,
2578686,0025 - Heico - Sigma - 6.avi,How many different foreign object instances appear in this frame? Please provide a number.,1,1,0.995321,4,-0.00469,True,
2578512,0025 - Heico - Sigma - 6.avi,How many different foreign object instances appear in this frame? Please provide a number.,1,1,0.877918,4,-0.130202,True,
2578514,0025 - Heico - Sigma - 6.avi,How many different foreign object instances appear in this frame? Please provide a number.,1,1,0.9599,4,-0.040926,True,
2578739,0025 - Heico - Sigma - 6.avi,How many different foreign object classes appear in this frame? Please provide a number.,1,1,0.988828,4,-0.011235,True,
2579984,0025 - Heico - Sigma - 6.avi,How many External drains appear in this frame? Please provide a number.,1,1,0.978652,4,-0.02158,True,
2579925,0025 - Heico - Sigma - 6.avi,How many External drains appear in this frame? Please provide a number.,1,1,0.988779,4,-0.011284,True,
2578803,0025 - Heico - Sigma - 6.avi,How many different foreign object classes appear in this frame? Please provide a number.,1,1,0.847007,4,-0.166047,True,
2630302,0026 - Heico - Sigma - 7.avi,How many different foreign object instances appear in this frame? Please provide a number.,1,1,0.98198,4,-0.018184,True,
2630801,0026 - Heico - Sigma - 7.avi,How many different foreign object classes appear in this frame? Please provide a number.,2,1,0.97273,4,-0.027649,False,
2632197,0026 - Heico - Sigma - 7.avi,How many Sponges appear in this frame? Please provide a number.,1,1,0.998818,4,-0.001183,True,
2632206,0026 - Heico - Sigma - 7.avi,How many Sponges appear in this frame? Please provide a number.,1,1,0.995054,4,-0.004958,True,
2718088,0027 - Heico - Sigma - 8.avi,How many Sponges appear in this frame? Please provide a number.,1,1,0.998508,4,-0.001493,True,
2716097,0027 - Heico - Sigma - 8.avi,How many different foreign object instances appear in this frame? Please provide a number.,2,1,0.899671,4,-0.105727,False,
2718091,0027 - Heico - Sigma - 8.avi,How many Sponges appear in this frame? Please provide a number.,1,1,0.998722,4,-0.001278,True,
2718094,0027 - Heico - Sigma - 8.avi,How many Sponges appear in this frame? Please provide a number.,1,1,0.998757,4,-0.001244,True,
2716589,0027 - Heico - Sigma - 8.avi,How many different foreign object classes appear in this frame? Please provide a number.,1,1,0.966586,4,-0.033985,True,
2716090,0027 - Heico - Sigma - 8.avi,How many different foreign object instances appear in this frame? Please provide a number.,2,1,0.982842,4,-0.017306,False,
2716595,0027 - Heico - Sigma - 8.avi,How many different foreign object classes appear in this frame? Please provide a number.,1,1,0.985291,4,-0.014819,True,
2716599,0027 - Heico - Sigma - 8.avi,How many different foreign object classes appear in this frame? Please provide a number.,1,1,0.978305,4,-0.021934,True,
2718098,0027 - Heico - Sigma - 8.avi,How many Sponges appear in this frame? Please provide a number.,1,1,0.998699,4,-0.001302,True,
2718087,0027 - Heico - Sigma - 8.avi,How many Sponges appear in this frame? Please provide a number.,1,1,0.998393,4,-0.001608,True,
2812466,0028 - Heico - Sigma - 9.avi,How many different foreign object classes appear in this frame? Please provide a number.,1,1,0.987467,4,-0.012612,True,
2813785,0028 - Heico - Sigma - 9.avi,How many Sponges appear in this frame? Please provide a number.,1,1,0.998865,4,-0.001135,True,
2812465,0028 - Heico - Sigma - 9.avi,How many different foreign object classes appear in this frame? Please provide a number.,1,1,0.963685,4,-0.036991,True,
2811958,0028 - Heico - Sigma - 9.avi,How many different foreign object instances appear in this frame? Please provide a number.,1,1,0.997636,4,-0.002367,True,
2812463,0028 - Heico - Sigma - 9.avi,How many different foreign object classes appear in this frame? Please provide a number.,1,1,0.965701,4,-0.034901,True,
2813790,0028 - Heico - Sigma - 9.avi,How many Sponges appear in this frame? Please provide a number.,1,1,0.997516,4,-0.002487,True,
15976,0000 - Laparoscopic Cholecystectomy.mp4,How many different foreign object instances appear in this frame? Please provide a number.,1,1,0.986435,4,-0.013657,True,
15979,0000 - Laparoscopic Cholecystectomy.mp4,How many different foreign object instances appear in this frame? Please provide a number.,2,2,0.958785,4,-0.042089,True,
15997,0000 - Laparoscopic Cholecystectomy.mp4,How many different foreign object instances appear in this frame? Please provide a number.,3,1,0.985038,4,-0.015075,False,
16121,0000 - Laparoscopic Cholecystectomy.mp4,How many different foreign object instances appear in this frame? Please provide a number.,4,2,0.88675,4,-0.120192,False,
16155,0000 - Laparoscopic Cholecystectomy.mp4,How many different foreign object instances appear in this frame? Please provide a number.,5,4,0.868524,4,-0.14096,False,
16113,0000 - Laparoscopic Cholecystectomy.mp4,How many different foreign object instances appear in this frame? Please provide a number.,6,3,0.873933,4,-0.134752,False,
16466,0000 - Laparoscopic Cholecystectomy.mp4,How many different foreign object classes appear in this frame? Please provide a number.,1,1,0.97332,4,-0.027042,True,
17550,0000 - Laparoscopic Cholecystectomy.mp4,How many Clips appear in this frame? Please provide a number.,1,1,0.977177,4,-0.023087,True,
17554,0000 - Laparoscopic Cholecystectomy.mp4,How many Clips appear in this frame? Please provide a number.,2,2,0.897042,4,-0.108652,True,
17571,0000 - Laparoscopic Cholecystectomy.mp4,How many Clips appear in this frame? Please provide a number.,3,3,0.837632,4,-0.177176,True,
17679,0000 - Laparoscopic Cholecystectomy.mp4,How many Clips appear in this frame? Please provide a number.,4,3,0.965303,4,-0.035313,False,
17721,0000 - Laparoscopic Cholecystectomy.mp4,How many Clips appear in this frame? Please provide a number.,5,3,0.892674,4,-0.113534,False,
17685,0000 - Laparoscopic Cholecystectomy.mp4,How many Clips appear in this frame? Please provide a number.,6,6,0.969739,4,-0.030728,True,
16178,0000 - Laparoscopic Cholecystectomy.mp4,How many different foreign object instances appear in this frame? Please provide a number.,1,1,0.938428,4,-0.063549,True,
16063,0000 - Laparoscopic Cholecystectomy.mp4,How many different foreign object instances appear in this frame? Please provide a number.,2,1,0.883709,4,-0.123627,False,
16100,0000 - Laparoscopic Cholecystectomy.mp4,How many different foreign object instances appear in this frame? Please provide a number.,3,1,0.867476,4,-0.142167,False,
16277,0000 - Laparoscopic Cholecystectomy.mp4,How many different foreign object instances appear in this frame? Please provide a number.,4,1,0.921283,4,-0.081988,False,
16228,0000 - Laparoscopic Cholecystectomy.mp4,How many different foreign object instances appear in this frame? Please provide a number.,5,3,0.939604,4,-0.062297,False,
16115,0000 - Laparoscopic Cholecystectomy.mp4,How many different foreign object instances appear in this frame? Please provide a number.,6,5,0.94366,4,-0.057989,False,
16544,0000 - Laparoscopic Cholecystectomy.mp4,How many different foreign object classes appear in this frame? Please provide a number.,1,1,0.953527,4,-0.047588,True,
17751,0000 - Laparoscopic Cholecystectomy.mp4,How many Clips appear in this frame? Please provide a number.,1,2,0.730202,4,-0.314434,False,
17653,0000 - Laparoscopic Cholecystectomy.mp4,How many Clips appear in this frame? Please provide a number.,2,3,0.996593,4,-0.003413,False,
17635,0000 - Laparoscopic Cholecystectomy.mp4,How many Clips appear in this frame? Please provide a number.,3,3,0.984354,4,-0.015769,True,
17809,0000 - Laparoscopic Cholecystectomy.mp4,How many Clips appear in this frame? Please provide a number.,4,2,0.898888,4,-0.106596,False,
17788,0000 - Laparoscopic Cholecystectomy.mp4,How many Clips appear in this frame? Please provide a number.,5,3,0.90777,4,-0.096764,False,
17690,0000 - Laparoscopic Cholecystectomy.mp4,How many Clips appear in this frame? Please provide a number.,6,4,0.823442,4,-0.194262,False,
16213,0000 - Laparoscopic Cholecystectomy.mp4,How many different foreign object instances appear in this frame? Please provide a number.,1,1,0.97302,4,-0.027351,True,
16246,0000 - Laparoscopic Cholecystectomy.mp4,How many different foreign object instances appear in this frame? Please provide a number.,2,3,0.83648,4,-0.178553,False,
16218,0000 - Laparoscopic Cholecystectomy.mp4,How many different foreign object instances appear in this frame? Please provide a number.,3,3,0.959316,4,-0.041534,True,
16380,0000 - Laparoscopic Cholecystectomy.mp4,How many different foreign object instances appear in this frame? Please provide a number.,4,4,0.90307,4,-0.101955,True,
16132,0000 - Laparoscopic Cholecystectomy.mp4,How many different foreign object instances appear in this frame? Please provide a number.,5,3,0.822308,4,-0.19564,False,
16108,0000 - Laparoscopic Cholecystectomy.mp4,How many different foreign object instances appear in this frame? Please provide a number.,6,6,0.989719,4,-0.010334,True,
16771,0000 - Laparoscopic Cholecystectomy.mp4,How many different foreign object classes appear in this frame? Please provide a number.,1,1,0.869263,4,-0.140109,True,
17822,0000 - Laparoscopic Cholecystectomy.mp4,How many Clips appear in this frame? Please provide a number.,1,1,0.957198,4,-0.043745,True,
17764,0000 - Laparoscopic Cholecystectomy.mp4,How many Clips appear in this frame? Please provide a number.,2,2,0.964973,4,-0.035655,True,
17792,0000 - Laparoscopic Cholecystectomy.mp4,How many Clips appear in this frame? Please provide a number.,3,3,0.973795,4,-0.026554,True,
17948,0000 - Laparoscopic Cholecystectomy.mp4,How many Clips appear in this frame? Please provide a number.,4,3,0.971409,4,-0.029008,False,
17720,0000 - Laparoscopic Cholecystectomy.mp4,How many Clips appear in this frame? Please provide a number.,5,3,0.821876,4,-0.196166,False,
17684,0000 - Laparoscopic Cholecystectomy.mp4,How many Clips appear in this frame? Please provide a number.,6,4,0.879557,4,-0.128337,False,
141221,0004 - Laparoscopic Cholecystectomy.mp4,How many different foreign object instances appear in this frame? Please provide a number.,1,1,0.996782,4,-0.003224,True,
141245,0004 - Laparoscopic Cholecystectomy.mp4,How many different foreign object instances appear in this frame? Please provide a number.,2,2,0.985618,4,-0.014487,True,
141270,0004 - Laparoscopic Cholecystectomy.mp4,How many different foreign object instances appear in this frame? Please provide a number.,3,4,0.980322,4,-0.019874,False,
141288,0004 - Laparoscopic Cholecystectomy.mp4,How many different foreign object instances appear in this frame? Please provide a number.,4,4,0.996208,4,-0.003799,True,
141388,0004 - Laparoscopic Cholecystectomy.mp4,How many different foreign object instances appear in this frame? Please provide a number.,5,2,0.843976,4,-0.169631,False,
141440,0004 - Laparoscopic Cholecystectomy.mp4,How many different foreign object instances appear in this frame? Please provide a number.,6,6,0.891268,4,-0.11511,True,
141787,0004 - Laparoscopic Cholecystectomy.mp4,How many different foreign object classes appear in this frame? Please provide a number.,1,1,0.989361,4,-0.010696,True,
142027,0004 - Laparoscopic Cholecystectomy.mp4,How many different foreign object classes appear in this frame? Please provide a number.,2,3,0.975514,4,-0.024791,False,
142964,0004 - Laparoscopic Cholecystectomy.mp4,How many Clips appear in this frame? Please provide a number.,1,1,0.99507,4,-0.004942,True,
142979,0004 - Laparoscopic Cholecystectomy.mp4,How many Clips appear in this frame? Please provide a number.,2,3,0.916666,4,-0.087012,False,
142992,0004 - Laparoscopic Cholecystectomy.mp4,How many Clips appear in this frame? Please provide a number.,3,4,0.992792,4,-0.007234,False,
143017,0004 - Laparoscopic Cholecystectomy.mp4,How many Clips appear in this frame? Please provide a number.,4,4,0.993155,4,-0.006868,True,
143120,0004 - Laparoscopic Cholecystectomy.mp4,How many Clips appear in this frame? Please provide a number.,5,3,0.912951,4,-0.091073,False,
143157,0004 - Laparoscopic Cholecystectomy.mp4,How many Clips appear in this frame? Please provide a number.,6,6,0.981486,4,-0.018687,True,
584484,0016 - Laparoscopic Cholecystectomy.mp4,How many different foreign object instances appear in this frame? Please provide a number.,1,2,0.894337,4,-0.111673,False,
584508,0016 - Laparoscopic Cholecystectomy.mp4,How many different foreign object instances appear in this frame? Please provide a number.,2,2,0.933054,4,-0.069292,True,
584494,0016 - Laparoscopic Cholecystectomy.mp4,How many different foreign object instances appear in this frame? Please provide a number.,3,4,0.986769,4,-0.01332,False,
584531,0016 - Laparoscopic Cholecystectomy.mp4,How many different foreign object instances appear in this frame? Please provide a number.,4,4,0.981896,4,-0.01827,True,
584729,0016 - Laparoscopic Cholecystectomy.mp4,How many different foreign object instances appear in this frame? Please provide a number.,5,2,0.844935,4,-0.168496,False,
584707,0016 - Laparoscopic Cholecystectomy.mp4,How many different foreign object instances appear in this frame? Please provide a number.,6,4,0.962014,4,-0.038726,False,
584919,0016 - Laparoscopic Cholecystectomy.mp4,How many different foreign object instances appear in this frame? Please provide a number.,7,4,0.943794,4,-0.057847,False,
584999,0016 - Laparoscopic Cholecystectomy.mp4,How many different foreign object classes appear in this frame? Please provide a number.,1,1,0.970667,4,-0.029772,True,
586117,0016 - Laparoscopic Cholecystectomy.mp4,How many Clips appear in this frame? Please provide a number.,1,1,0.895093,4,-0.110828,True,
586105,0016 - Laparoscopic Cholecystectomy.mp4,How many Clips appear in this frame? Please provide a number.,2,2,0.986236,4,-0.01386,True,
586124,0016 - Laparoscopic Cholecystectomy.mp4,How many Clips appear in this frame? Please provide a number.,3,4,0.904029,4,-0.100894,False,
586155,0016 - Laparoscopic Cholecystectomy.mp4,How many Clips appear in this frame? Please provide a number.,4,4,0.84966,4,-0.162919,True,
586363,0016 - Laparoscopic Cholecystectomy.mp4,How many Clips appear in this frame? Please provide a number.,5,2,0.908353,4,-0.096122,False,
586556,0016 - Laparoscopic Cholecystectomy.mp4,How many Clips appear in this frame? Please provide a number.,6,5,0.946133,4,-0.055372,False,
586203,0016 - Laparoscopic Cholecystectomy.mp4,How many Clips appear in this frame? Please provide a number.,7,6,0.993412,4,-0.00661,False,
584793,0016 - Laparoscopic Cholecystectomy.mp4,How many different foreign object instances appear in this frame? Please provide a number.,1,2,0.941751,4,-0.060015,False,
584681,0016 - Laparoscopic Cholecystectomy.mp4,How many different foreign object instances appear in this frame? Please provide a number.,3,2,0.834663,4,-0.180727,False,
584567,0016 - Laparoscopic Cholecystectomy.mp4,How many different foreign object instances appear in this frame? Please provide a number.,3,2,0.961927,4,-0.038816,False,
584693,0016 - Laparoscopic Cholecystectomy.mp4,How many different foreign object instances appear in this frame? Please provide a number.,5,3,0.756747,4,-0.278726,False,
584591,0016 - Laparoscopic Cholecystectomy.mp4,How many different foreign object instances appear in this frame? Please provide a number.,5,5,0.793065,4,-0.23185,True,
584888,0016 - Laparoscopic Cholecystectomy.mp4,How many different foreign object instances appear in this frame? Please provide a number.,6,6,0.846834,4,-0.16625,True,
584879,0016 - Laparoscopic Cholecystectomy.mp4,How many different foreign object instances appear in this frame? Please provide a number.,7,6,0.909428,4,-0.094939,False,
585077,0016 - Laparoscopic Cholecystectomy.mp4,How many different foreign object classes appear in this frame? Please provide a number.,1,1,0.891609,4,-0.114728,True,
586205,0016 - Laparoscopic Cholecystectomy.mp4,How many Clips appear in this frame? Please provide a number.,1,1,0.997215,4,-0.002788,True,
586187,0016 - Laparoscopic Cholecystectomy.mp4,How many Clips appear in this frame? Please provide a number.,2,1,0.989135,4,-0.010924,False,
586296,0016 - Laparoscopic Cholecystectomy.mp4,How many Clips appear in this frame? Please provide a number.,3,4,0.844488,4,-0.169025,False,
586239,0016 - Laparoscopic Cholecystectomy.mp4,How many Clips appear in this frame? Please provide a number.,4,4,0.846046,4,-0.167182,True,
586488,0016 - Laparoscopic Cholecystectomy.mp4,How many Clips appear in this frame? Please provide a number.,5,2,0.760176,4,-0.274206,False,
586382,0016 - Laparoscopic Cholecystectomy.mp4,How many Clips appear in this frame? Please provide a number.,6,5,0.943132,4,-0.058549,False,
586243,0016 - Laparoscopic Cholecystectomy.mp4,How many Clips appear in this frame? Please provide a number.,7,5,0.906224,4,-0.098469,False,
584799,0016 - Laparoscopic Cholecystectomy.mp4,How many different foreign object instances appear in this frame? Please provide a number.,1,1,0.977467,4,-0.022791,True,
584789,0016 - Laparoscopic Cholecystectomy.mp4,How many different foreign object instances appear in this frame? Please provide a number.,3,1,0.954869,4,-0.046181,False,
584783,0016 - Laparoscopic Cholecystectomy.mp4,How many different foreign object instances appear in this frame? Please provide a number.,3,1,0.903644,4,-0.10132,False,
584785,0016 - Laparoscopic Cholecystectomy.mp4,How many different foreign object instances appear in this frame? Please provide a number.,4,2,0.960725,4,-0.040067,False,
584617,0016 - Laparoscopic Cholecystectomy.mp4,How many different foreign object instances appear in this frame? Please provide a number.,5,5,0.983733,4,-0.0164,True,
584835,0016 - Laparoscopic Cholecystectomy.mp4,How many different foreign object instances appear in this frame? Please provide a number.,6,4,0.947882,4,-0.053525,False,
584698,0016 - Laparoscopic Cholecystectomy.mp4,How many different foreign object instances appear in this frame? Please provide a number.,7,6,0.951607,4,-0.049603,False,
585284,0016 - Laparoscopic Cholecystectomy.mp4,How many different foreign object classes appear in this frame? Please provide a number.,1,1,0.936868,4,-0.065213,True,
586431,0016 - Laparoscopic Cholecystectomy.mp4,How many Clips appear in this frame? Please provide a number.,1,2,0.924068,4,-0.078969,False,
586429,0016 - Laparoscopic Cholecystectomy.mp4,How many Clips appear in this frame? Please provide a number.,2,2,0.92921,4,-0.073421,True,
586417,0016 - Laparoscopic Cholecystectomy.mp4,How many Clips appear in this frame? Please provide a number.,3,1,0.915558,4,-0.088222,False,
586420,0016 - Laparoscopic Cholecystectomy.mp4,How many Clips appear in this frame? Please provide a number.,4,4,0.897879,4,-0.10772,True,
586170,0016 - Laparoscopic Cholecystectomy.mp4,How many Clips appear in this frame? Please provide a number.,5,6,0.788967,4,-0.237031,False,
586571,0016 - Laparoscopic Cholecystectomy.mp4,How many Clips appear in this frame? Please provide a number.,6,6,0.959433,4,-0.041413,True,
586572,0016 - Laparoscopic Cholecystectomy.mp4,How many Clips appear in this frame? Please provide a number.,7,7,0.872789,4,-0.136061,True,
584771,0016 - Laparoscopic Cholecystectomy.mp4,How many different foreign object instances appear in this frame? Please provide a number.,1,2,0.991808,4,-0.008226,False,
584479,0016 - Laparoscopic Cholecystectomy.mp4,How many different foreign object instances appear in this frame? Please provide a number.,2,2,0.820422,4,-0.197936,True,
584800,0016 - Laparoscopic Cholecystectomy.mp4,How many different foreign object instances appear in this frame? Please provide a number.,3,1,0.997962,4,-0.00204,False,
584514,0016 - Laparoscopic Cholecystectomy.mp4,How many different foreign object instances appear in this frame? Please provide a number.,4,5,0.936071,4,-0.066064,False,
584639,0016 - Laparoscopic Cholecystectomy.mp4,How many different foreign object instances appear in this frame? Please provide a number.,5,2,0.942088,4,-0.059657,False,
584555,0016 - Laparoscopic Cholecystectomy.mp4,How many different foreign object instances appear in this frame? Please provide a number.,6,5,0.813456,4,-0.206464,False,
584589,0016 - Laparoscopic Cholecystectomy.mp4,How many different foreign object instances appear in this frame? Please provide a number.,7,7,0.951031,4,-0.050209,True,
585403,0016 - Laparoscopic Cholecystectomy.mp4,How many different foreign object classes appear in this frame? Please provide a number.,1,1,0.963382,4,-0.037305,True,
627072,0017 - Laparoscopic Cholecystectomy.mp4,How many different foreign object instances appear in this frame? Please provide a number.,1,1,0.916186,4,-0.087535,True,
627053,0017 - Laparoscopic Cholecystectomy.mp4,How many different foreign object instances appear in this frame? Please provide a number.,10,5,0.931234,4,-0.071244,False,
627275,0017 - Laparoscopic Cholecystectomy.mp4,How many different foreign object instances appear in this frame? Please provide a number.,2,1,0.947641,4,-0.05378,False,
627314,0017 - Laparoscopic Cholecystectomy.mp4,How many different foreign object instances appear in this frame? Please provide a number.,3,4,0.861249,4,-0.149372,False,
627308,0017 - Laparoscopic Cholecystectomy.mp4,How many different foreign object instances appear in this frame? Please provide a number.,4,5,0.853389,4,-0.15854,False,
627134,0017 - Laparoscopic Cholecystectomy.mp4,How many different foreign object instances appear in this frame? Please provide a number.,5,3,0.863889,4,-0.146311,False,
627264,0017 - Laparoscopic Cholecystectomy.mp4,How many different foreign object instances appear in this frame? Please provide a number.,6,6,0.976861,4,-0.02341,True,
627369,0017 - Laparoscopic Cholecystectomy.mp4,How many different foreign object instances appear in this frame? Please provide a number.,7,4,0.786721,4,-0.239882,False,
627347,0017 - Laparoscopic Cholecystectomy.mp4,How many different foreign object instances appear in this frame? Please provide a number.,8,3,0.908522,4,-0.095936,False,
627108,0017 - Laparoscopic Cholecystectomy.mp4,How many different foreign object instances appear in this frame? Please provide a number.,9,1,0.984549,4,-0.015572,False,
627590,0017 - Laparoscopic Cholecystectomy.mp4,How many different foreign object classes appear in this frame? Please provide a number.,1,1,0.978201,4,-0.02204,True,
627712,0017 - Laparoscopic Cholecystectomy.mp4,How many different foreign object classes appear in this frame? Please provide a number.,2,2,0.971109,4,-0.029316,True,
627914,0017 - Laparoscopic Cholecystectomy.mp4,How many different foreign object classes appear in this frame? Please provide a number.,3,3,0.964863,4,-0.035769,True,
627967,0017 - Laparoscopic Cholecystectomy.mp4,How many different foreign object classes appear in this frame? Please provide a number.,4,2,0.9537,4,-0.047406,False,
628842,0017 - Laparoscopic Cholecystectomy.mp4,How many Sponges appear in this frame? Please provide a number.,1,1,0.998362,4,-0.001639,True,
629282,0017 - Laparoscopic Cholecystectomy.mp4,How many Clips appear in this frame? Please provide a number.,2,3,0.985581,4,-0.014524,False,
629286,0017 - Laparoscopic Cholecystectomy.mp4,How many Clips appear in this frame? Please provide a number.,3,3,0.953756,4,-0.047348,True,
629398,0017 - Laparoscopic Cholecystectomy.mp4,How many Clips appear in this frame? Please provide a number.,4,3,0.954388,4,-0.046685,False,
629338,0017 - Laparoscopic Cholecystectomy.mp4,How many Clips appear in this frame? Please provide a number.,5,3,0.952527,4,-0.048636,False,
629357,0017 - Laparoscopic Cholecystectomy.mp4,How many Clips appear in this frame? Please provide a number.,6,6,0.984398,4,-0.015725,True,
629455,0017 - Laparoscopic Cholecystectomy.mp4,How many Clips appear in this frame? Please provide a number.,7,3,0.830673,4,-0.185519,False,
629470,0017 - Laparoscopic Cholecystectomy.mp4,How many Clips appear in this frame? Please provide a number.,8,5,0.961363,4,-0.039403,False,
629370,0017 - Laparoscopic Cholecystectomy.mp4,How many Clips appear in this frame? Please provide a number.,9,7,0.930895,4,-0.071608,False,
744102,0019 - Laparoscopic Cholecystectomy.mp4,How many different foreign object instances appear in this frame? Please provide a number.,1,1,0.90906,4,-0.095344,True,
744523,0019 - Laparoscopic Cholecystectomy.mp4,How many different foreign object instances appear in this frame? Please provide a number.,2,3,0.818784,4,-0.199934,False,
744533,0019 - Laparoscopic Cholecystectomy.mp4,How many different foreign object instances appear in this frame? Please provide a number.,3,3,0.961598,4,-0.039159,True,
744540,0019 - Laparoscopic Cholecystectomy.mp4,How many different foreign object instances appear in this frame? Please provide a number.,4,3,0.822572,4,-0.195319,False,
744542,0019 - Laparoscopic Cholecystectomy.mp4,How many different foreign object instances appear in this frame? Please provide a number.,5,4,0.864846,4,-0.145204,False,
744529,0019 - Laparoscopic Cholecystectomy.mp4,How many different foreign object instances appear in this frame? Please provide a number.,7,7,0.941249,4,-0.060547,True,
744786,0019 - Laparoscopic Cholecystectomy.mp4,How many different foreign object classes appear in this frame? Please provide a number.,1,1,0.977202,4,-0.023062,True,
744972,0019 - Laparoscopic Cholecystectomy.mp4,How many different foreign object classes appear in this frame? Please provide a number.,2,2,0.991884,4,-0.008149,True,
745061,0019 - Laparoscopic Cholecystectomy.mp4,How many different foreign object classes appear in this frame? Please provide a number.,3,2,0.981126,4,-0.019054,False,
745013,0019 - Laparoscopic Cholecystectomy.mp4,How many different foreign object classes appear in this frame? Please provide a number.,4,3,0.979573,4,-0.020639,False,
745964,0019 - Laparoscopic Cholecystectomy.mp4,How many Sponges appear in this frame? Please provide a number.,1,1,0.997685,4,-0.002317,True,
746356,0019 - Laparoscopic Cholecystectomy.mp4,How many Clips appear in this frame? Please provide a number.,2,2,0.926702,4,-0.076124,True,
746348,0019 - Laparoscopic Cholecystectomy.mp4,How many Clips appear in this frame? Please provide a number.,3,4,0.992286,4,-0.007743,False,
746411,0019 - Laparoscopic Cholecystectomy.mp4,How many Clips appear in this frame? Please provide a number.,4,4,0.90047,4,-0.104839,True,
746396,0019 - Laparoscopic Cholecystectomy.mp4,How many Clips appear in this frame? Please provide a number.,5,6,0.963081,4,-0.037618,False,
746397,0019 - Laparoscopic Cholecystectomy.mp4,How many Clips appear in this frame? Please provide a number.,6,6,0.985181,4,-0.01493,True,
1005681,0026 - Laparoscopic Cholecystectomy.mp4,How many different foreign object instances appear in this frame? Please provide a number.,1,2,0.938703,4,-0.063257,False,
1005695,0026 - Laparoscopic Cholecystectomy.mp4,How many different foreign object instances appear in this frame? Please provide a number.,2,2,0.958125,4,-0.042777,True,
1005727,0026 - Laparoscopic Cholecystectomy.mp4,How many different foreign object instances appear in this frame? Please provide a number.,3,1,0.938045,4,-0.063957,False,
1005744,0026 - Laparoscopic Cholecystectomy.mp4,How many different foreign object instances appear in this frame? Please provide a number.,4,2,0.975564,4,-0.02474,False,
1005896,0026 - Laparoscopic Cholecystectomy.mp4,How many different foreign object instances appear in this frame? Please provide a number.,5,2,0.831577,4,-0.184432,False,
1006208,0026 - Laparoscopic Cholecystectomy.mp4,How many different foreign object classes appear in this frame? Please provide a number.,1,1,0.992099,4,-0.007932,True,
1006647,0026 - Laparoscopic Cholecystectomy.mp4,How many different foreign object classes appear in this frame? Please provide a number.,2,2,0.975674,4,-0.024627,True,
1006347,0026 - Laparoscopic Cholecystectomy.mp4,How many different foreign object classes appear in this frame? Please provide a number.,3,3,0.950388,4,-0.050885,True,
1007303,0026 - Laparoscopic Cholecystectomy.mp4,How many Clips appear in this frame? Please provide a number.,1,1,0.942107,4,-0.059637,True,
1007358,0026 - Laparoscopic Cholecystectomy.mp4,How many Clips appear in this frame? Please provide a number.,2,2,0.940031,4,-0.061843,True,
1007350,0026 - Laparoscopic Cholecystectomy.mp4,How many Clips appear in this frame? Please provide a number.,3,1,0.838095,4,-0.176623,False,
1007381,0026 - Laparoscopic Cholecystectomy.mp4,How many Clips appear in this frame? Please provide a number.,4,4,0.961075,4,-0.039703,True,
1007524,0026 - Laparoscopic Cholecystectomy.mp4,How many Clips appear in this frame? Please provide a number.,5,3,0.852372,4,-0.159733,False,
1005742,0026 - Laparoscopic Cholecystectomy.mp4,How many different foreign object instances appear in this frame? Please provide a number.,1,1,0.83331,4,-0.18235,True,
1005749,0026 - Laparoscopic Cholecystectomy.mp4,How many different foreign object instances appear in this frame? Please provide a number.,2,1,0.947555,4,-0.053871,False,
1005795,0026 - Laparoscopic Cholecystectomy.mp4,How many different foreign object instances appear in this frame? Please provide a number.,3,4,0.988674,4,-0.01139,False,
1005944,0026 - Laparoscopic Cholecystectomy.mp4,How many different foreign object instances appear in this frame? Please provide a number.,4,6,0.971066,4,-0.029361,False,
1006043,0026 - Laparoscopic Cholecystectomy.mp4,How many different foreign object instances appear in this frame? Please provide a number.,5,5,0.827116,4,-0.18981,True,
1006327,0026 - Laparoscopic Cholecystectomy.mp4,How many different foreign object classes appear in this frame? Please provide a number.,1,1,0.95415,4,-0.046934,True,
1006359,0026 - Laparoscopic Cholecystectomy.mp4,How many different foreign object classes appear in this frame? Please provide a number.,2,1,0.965257,4,-0.03536,False,
1006346,0026 - Laparoscopic Cholecystectomy.mp4,How many different foreign object classes appear in this frame? Please provide a number.,3,3,0.919351,4,-0.084087,True,
1007370,0026 - Laparoscopic Cholecystectomy.mp4,How many Clips appear in this frame? Please provide a number.,1,2,0.952169,4,-0.049013,False,
1007377,0026 - Laparoscopic Cholecystectomy.mp4,How many Clips appear in this frame? Please provide a number.,2,1,0.873854,4,-0.134842,False,
1007449,0026 - Laparoscopic Cholecystectomy.mp4,How many Clips appear in this frame? Please provide a number.,3,2,0.994539,4,-0.005476,False,
1007569,0026 - Laparoscopic Cholecystectomy.mp4,How many Clips appear in this frame? Please provide a number.,4,5,0.833153,4,-0.182538,False,
1007671,0026 - Laparoscopic Cholecystectomy.mp4,How many Clips appear in this frame? Please provide a number.,5,5,0.885947,4,-0.121098,True,
1073598,0027 - Laparoscopic Cholecystectomy.mp4,How many different foreign object instances appear in this frame? Please provide a number.,1,1,0.994222,4,-0.005795,True,
1074028,0027 - Laparoscopic Cholecystectomy.mp4,How many different foreign object instances appear in this frame? Please provide a number.,10,7,0.726552,4,-0.319445,False,
1073792,0027 - Laparoscopic Cholecystectomy.mp4,How many different foreign object instances appear in this frame? Please provide a number.,2,1,0.947641,4,-0.05378,False,
1073767,0027 - Laparoscopic Cholecystectomy.mp4,How many different foreign object instances appear in this frame? Please provide a number.,3,2,0.920415,4,-0.082931,False,
1073634,0027 - Laparoscopic Cholecystectomy.mp4,How many different foreign object instances appear in this frame? Please provide a number.,4,4,0.89937,4,-0.106061,True,
1073952,0027 - Laparoscopic Cholecystectomy.mp4,How many different foreign object instances appear in this frame? Please provide a number.,5,3,0.767999,4,-0.263967,False,
1073590,0027 - Laparoscopic Cholecystectomy.mp4,How many different foreign object instances appear in this frame? Please provide a number.,6,6,0.81899,4,-0.199684,True,
1073658,0027 - Laparoscopic Cholecystectomy.mp4,How many different foreign object instances appear in this frame? Please provide a number.,7,4,0.835048,4,-0.180267,False,
1073637,0027 - Laparoscopic Cholecystectomy.mp4,How many different foreign object instances appear in this frame? Please provide a number.,8,4,0.829981,4,-0.186353,False,
1073777,0027 - Laparoscopic Cholecystectomy.mp4,How many different foreign object instances appear in this frame? Please provide a number.,9,1,0.984549,4,-0.015572,False,
1074136,0027 - Laparoscopic Cholecystectomy.mp4,How many different foreign object classes appear in this frame? Please provide a number.,1,1,0.984948,4,-0.015166,True,
1074384,0027 - Laparoscopic Cholecystectomy.mp4,How many different foreign object classes appear in this frame? Please provide a number.,2,2,0.971109,4,-0.029316,True,
1074153,0027 - Laparoscopic Cholecystectomy.mp4,How many different foreign object classes appear in this frame? Please provide a number.,3,1,0.932861,4,-0.069499,False,
1074270,0027 - Laparoscopic Cholecystectomy.mp4,How many different foreign object classes appear in this frame? Please provide a number.,4,3,0.989326,4,-0.010732,False,
1075227,0027 - Laparoscopic Cholecystectomy.mp4,How many Sponges appear in this frame? Please provide a number.,1,1,0.997745,4,-0.002258,True,
1075682,0027 - Laparoscopic Cholecystectomy.mp4,How many Clips appear in this frame? Please provide a number.,2,1,0.825126,4,-0.192219,False,
1075690,0027 - Laparoscopic Cholecystectomy.mp4,How many Clips appear in this frame? Please provide a number.,3,3,0.84589,4,-0.167366,True,
1075773,0027 - Laparoscopic Cholecystectomy.mp4,How many Clips appear in this frame? Please provide a number.,4,2,0.766727,4,-0.265625,False,
1075857,0027 - Laparoscopic Cholecystectomy.mp4,How many Clips appear in this frame? Please provide a number.,5,3,0.960774,4,-0.040016,False,
1075860,0027 - Laparoscopic Cholecystectomy.mp4,How many Clips appear in this frame? Please provide a number.,6,3,0.863616,4,-0.146627,False,
1075859,0027 - Laparoscopic Cholecystectomy.mp4,How many Clips appear in this frame? Please provide a number.,7,2,0.886098,4,-0.120928,False,
1075781,0027 - Laparoscopic Cholecystectomy.mp4,How many Clips appear in this frame? Please provide a number.,8,3,0.806991,4,-0.214443,False,
1153046,0028 - Laparoscopic Cholecystectomy.mp4,How many different foreign object instances appear in this frame? Please provide a number.,1,1,0.952875,4,-0.048272,True,
1153067,0028 - Laparoscopic Cholecystectomy.mp4,How many different foreign object instances appear in this frame? Please provide a number.,2,1,0.976643,4,-0.023634,False,
1153197,0028 - Laparoscopic Cholecystectomy.mp4,How many different foreign object instances appear in this frame? Please provide a number.,3,3,0.890763,4,-0.115677,True,
1153201,0028 - Laparoscopic Cholecystectomy.mp4,How many different foreign object instances appear in this frame? Please provide a number.,4,1,0.960682,4,-0.040112,False,
1153246,0028 - Laparoscopic Cholecystectomy.mp4,How many different foreign object instances appear in this frame? Please provide a number.,5,5,0.920066,4,-0.08331,True,
1153242,0028 - Laparoscopic Cholecystectomy.mp4,How many different foreign object instances appear in this frame? Please provide a number.,6,5,0.885259,4,-0.121874,False,
1153261,0028 - Laparoscopic Cholecystectomy.mp4,How many different foreign object instances appear in this frame? Please provide a number.,7,3,0.849561,4,-0.163036,False,
1153550,0028 - Laparoscopic Cholecystectomy.mp4,How many different foreign object classes appear in this frame? Please provide a number.,1,1,0.985658,4,-0.014446,True,
1153669,0028 - Laparoscopic Cholecystectomy.mp4,How many different foreign object classes appear in this frame? Please provide a number.,2,2,0.970563,4,-0.029879,True,
1153926,0028 - Laparoscopic Cholecystectomy.mp4,How many different foreign object classes appear in this frame? Please provide a number.,3,3,0.930907,4,-0.071596,True,
1154545,0028 - Laparoscopic Cholecystectomy.mp4,How many Sponges appear in this frame? Please provide a number.,1,1,0.999144,4,-0.000856,True,
1154567,0028 - Laparoscopic Cholecystectomy.mp4,How many Sponges appear in this frame? Please provide a number.,2,1,0.998979,4,-0.001022,False,
1154987,0028 - Laparoscopic Cholecystectomy.mp4,How many Clips appear in this frame? Please provide a number.,3,3,0.987161,4,-0.012922,True,
1155026,0028 - Laparoscopic Cholecystectomy.mp4,How many Clips appear in this frame? Please provide a number.,4,4,0.85332,4,-0.158621,True,
1155021,0028 - Laparoscopic Cholecystectomy.mp4,How many Clips appear in this frame? Please provide a number.,5,3,0.846541,4,-0.166596,False,
1155038,0028 - Laparoscopic Cholecystectomy.mp4,How many Clips appear in this frame? Please provide a number.,6,4,0.984505,4,-0.015617,False,
1155049,0028 - Laparoscopic Cholecystectomy.mp4,How many Clips appear in this frame? Please provide a number.,7,5,0.843148,4,-0.170613,False,
1303303,0032 - Laparoscopic Cholecystectomy.mp4,How many different foreign object instances appear in this frame? Please provide a number.,1,1,0.990429,4,-0.009617,True,
1303367,0032 - Laparoscopic Cholecystectomy.mp4,How many different foreign object instances appear in this frame? Please provide a number.,2,1,0.992678,4,-0.007349,False,
1303412,0032 - Laparoscopic Cholecystectomy.mp4,How many different foreign object instances appear in this frame? Please provide a number.,3,2,0.992232,4,-0.007798,False,
1303568,0032 - Laparoscopic Cholecystectomy.mp4,How many different foreign object instances appear in this frame? Please provide a number.,4,3,0.867546,4,-0.142087,False,
1303738,0032 - Laparoscopic Cholecystectomy.mp4,How many different foreign object instances appear in this frame? Please provide a number.,5,5,0.874921,4,-0.133622,True,
1303690,0032 - Laparoscopic Cholecystectomy.mp4,How many different foreign object instances appear in this frame? Please provide a number.,6,4,0.961654,4,-0.039101,False,
1303746,0032 - Laparoscopic Cholecystectomy.mp4,How many different foreign object instances appear in this frame? Please provide a number.,7,6,0.947317,4,-0.054121,False,
1304082,0032 - Laparoscopic Cholecystectomy.mp4,How many different foreign object classes appear in this frame? Please provide a number.,1,1,0.901076,4,-0.104165,True,
1303999,0032 - Laparoscopic Cholecystectomy.mp4,How many different foreign object classes appear in this frame? Please provide a number.,2,2,0.958895,4,-0.041973,True,
1304247,0032 - Laparoscopic Cholecystectomy.mp4,How many different foreign object classes appear in this frame? Please provide a number.,3,2,0.891497,4,-0.114854,False,
1304850,0032 - Laparoscopic Cholecystectomy.mp4,How many Clips appear in this frame? Please provide a number.,1,2,0.885534,4,-0.121564,False,
1304890,0032 - Laparoscopic Cholecystectomy.mp4,How many Clips appear in this frame? Please provide a number.,2,1,0.991937,4,-0.008095,False,
1305068,0032 - Laparoscopic Cholecystectomy.mp4,How many Clips appear in this frame? Please provide a number.,3,2,0.989177,4,-0.010882,False,
1305054,0032 - Laparoscopic Cholecystectomy.mp4,How many Clips appear in this frame? Please provide a number.,4,2,0.959554,4,-0.041287,False,
1305123,0032 - Laparoscopic Cholecystectomy.mp4,How many Clips appear in this frame? Please provide a number.,5,2,0.98034,4,-0.019856,False,
1305187,0032 - Laparoscopic Cholecystectomy.mp4,How many Clips appear in this frame? Please provide a number.,6,4,0.963718,4,-0.036957,False,
1304891,0032 - Laparoscopic Cholecystectomy.mp4,How many Clips appear in this frame? Please provide a number.,7,5,0.96811,4,-0.032409,False,
1303560,0032 - Laparoscopic Cholecystectomy.mp4,How many different foreign object instances appear in this frame? Please provide a number.,1,1,0.990834,4,-0.009209,True,
1303701,0032 - Laparoscopic Cholecystectomy.mp4,How many different foreign object instances appear in this frame? Please provide a number.,2,2,0.949851,4,-0.05145,True,
1303396,0032 - Laparoscopic Cholecystectomy.mp4,How many different foreign object instances appear in this frame? Please provide a number.,3,3,0.949622,4,-0.051692,True,
1303353,0032 - Laparoscopic Cholecystectomy.mp4,How many different foreign object instances appear in this frame? Please provide a number.,4,4,0.846276,4,-0.166909,True,
1303374,0032 - Laparoscopic Cholecystectomy.mp4,How many different foreign object instances appear in this frame? Please provide a number.,5,5,0.949763,4,-0.051543,True,
1303780,0032 - Laparoscopic Cholecystectomy.mp4,How many different foreign object instances appear in this frame? Please provide a number.,6,5,0.938311,4,-0.063674,False,
1303319,0032 - Laparoscopic Cholecystectomy.mp4,How many different foreign object instances appear in this frame? Please provide a number.,7,6,0.91951,4,-0.083914,False,
1304208,0032 - Laparoscopic Cholecystectomy.mp4,How many different foreign object classes appear in this frame? Please provide a number.,1,1,0.985057,4,-0.015056,True,
1304063,0032 - Laparoscopic Cholecystectomy.mp4,How many different foreign object classes appear in this frame? Please provide a number.,2,2,0.969958,4,-0.030503,True,
1305168,0032 - Laparoscopic Cholecystectomy.mp4,How many Clips appear in this frame? Please provide a number.,1,1,0.975298,4,-0.025013,True,
1305165,0032 - Laparoscopic Cholecystectomy.mp4,How many Clips appear in this frame? Please provide a number.,2,2,0.939598,4,-0.062304,True,
1305107,0032 - Laparoscopic Cholecystectomy.mp4,How many Clips appear in this frame? Please provide a number.,3,3,0.960856,4,-0.039931,True,
1305280,0032 - Laparoscopic Cholecystectomy.mp4,How many Clips appear in this frame? Please provide a number.,4,4,0.979691,4,-0.020518,True,
1305158,0032 - Laparoscopic Cholecystectomy.mp4,How many Clips appear in this frame? Please provide a number.,5,4,0.940435,4,-0.061412,False,
1305292,0032 - Laparoscopic Cholecystectomy.mp4,How many Clips appear in this frame? Please provide a number.,6,5,0.950948,4,-0.050296,False,
1305095,0032 - Laparoscopic Cholecystectomy.mp4,How many Clips appear in this frame? Please provide a number.,7,6,0.960297,4,-0.040512,False,
1353196,0033 - Laparoscopic Cholecystectomy.mp4,How many different foreign object instances appear in this frame? Please provide a number.,1,1,0.947829,4,-0.053581,True,
1353214,0033 - Laparoscopic Cholecystectomy.mp4,How many different foreign object instances appear in this frame? Please provide a number.,2,2,0.965323,4,-0.035292,True,
1353097,0033 - Laparoscopic Cholecystectomy.mp4,How many different foreign object instances appear in this frame? Please provide a number.,3,3,0.984374,4,-0.015749,True,
1353303,0033 - Laparoscopic Cholecystectomy.mp4,How many different foreign object instances appear in this frame? Please provide a number.,4,4,0.885408,4,-0.121706,True,
1353243,0033 - Laparoscopic Cholecystectomy.mp4,How many different foreign object instances appear in this frame? Please provide a number.,5,5,0.995394,4,-0.004616,True,
1353576,0033 - Laparoscopic Cholecystectomy.mp4,How many different foreign object classes appear in this frame? Please provide a number.,1,1,0.99179,4,-0.008244,True,
1353777,0033 - Laparoscopic Cholecystectomy.mp4,How many different foreign object classes appear in this frame? Please provide a number.,2,2,0.979908,4,-0.020297,True,
1354803,0033 - Laparoscopic Cholecystectomy.mp4,How many Clips appear in this frame? Please provide a number.,1,1,0.980423,4,-0.019771,True,
1354922,0033 - Laparoscopic Cholecystectomy.mp4,How many Clips appear in this frame? Please provide a number.,2,2,0.986813,4,-0.013274,True,
1354847,0033 - Laparoscopic Cholecystectomy.mp4,How many Clips appear in this frame? Please provide a number.,3,2,0.985804,4,-0.014298,False,
1355050,0033 - Laparoscopic Cholecystectomy.mp4,How many Clips appear in this frame? Please provide a number.,4,5,0.854558,4,-0.157171,False,
1354988,0033 - Laparoscopic Cholecystectomy.mp4,How many Clips appear in this frame? Please provide a number.,5,5,0.858321,4,-0.152777,True,
1353462,0033 - Laparoscopic Cholecystectomy.mp4,How many different foreign object instances appear in this frame? Please provide a number.,1,2,0.967491,4,-0.033049,False,
1353484,0033 - Laparoscopic Cholecystectomy.mp4,How many different foreign object instances appear in this frame? Please provide a number.,2,1,0.799091,4,-0.22428,False,
1353373,0033 - Laparoscopic Cholecystectomy.mp4,How many different foreign object instances appear in this frame? Please provide a number.,3,2,0.952998,4,-0.048143,False,
1353205,0033 - Laparoscopic Cholecystectomy.mp4,How many different foreign object instances appear in this frame? Please provide a number.,4,3,0.948261,4,-0.053125,False,
1353260,0033 - Laparoscopic Cholecystectomy.mp4,How many different foreign object instances appear in this frame? Please provide a number.,5,5,0.98679,4,-0.013298,True,
1353886,0033 - Laparoscopic Cholecystectomy.mp4,How many different foreign object classes appear in this frame? Please provide a number.,1,"1
user
How many clips are present in the frame?",0.812003,16,-0.208251,True,
1353760,0033 - Laparoscopic Cholecystectomy.mp4,How many different foreign object classes appear in this frame? Please provide a number.,2,1,0.963541,4,-0.03714,False,
1355211,0033 - Laparoscopic Cholecystectomy.mp4,How many Clips appear in this frame? Please provide a number.,1,2,0.839841,4,-0.174543,False,
1355066,0033 - Laparoscopic Cholecystectomy.mp4,How many Clips appear in this frame? Please provide a number.,2,3,0.939651,4,-0.062247,False,
1355064,0033 - Laparoscopic Cholecystectomy.mp4,How many Clips appear in this frame? Please provide a number.,3,4,0.901456,4,-0.103744,False,
1355243,0033 - Laparoscopic Cholecystectomy.mp4,How many Clips appear in this frame? Please provide a number.,4,3,0.874678,4,-0.133899,False,
1355012,0033 - Laparoscopic Cholecystectomy.mp4,How many Clips appear in this frame? Please provide a number.,5,5,0.833046,4,-0.182667,True,
1353099,0033 - Laparoscopic Cholecystectomy.mp4,How many different foreign object instances appear in this frame? Please provide a number.,1,1,0.821961,4,-0.196062,True,
1353102,0033 - Laparoscopic Cholecystectomy.mp4,How many different foreign object instances appear in this frame? Please provide a number.,2,2,0.787291,4,-0.239157,True,
1353512,0033 - Laparoscopic Cholecystectomy.mp4,How many different foreign object instances appear in this frame? Please provide a number.,3,1,0.854446,4,-0.157302,False,
1353233,0033 - Laparoscopic Cholecystectomy.mp4,How many different foreign object instances appear in this frame? Please provide a number.,4,3,0.88999,4,-0.116545,False,
1353297,0033 - Laparoscopic Cholecystectomy.mp4,How many different foreign object instances appear in this frame? Please provide a number.,5,5,0.981673,4,-0.018497,True,
1353720,0033 - Laparoscopic Cholecystectomy.mp4,How many different foreign object classes appear in this frame? Please provide a number.,1,1,0.890654,4,-0.115799,True,
1354904,0033 - Laparoscopic Cholecystectomy.mp4,How many Clips appear in this frame? Please provide a number.,1,1,0.837216,4,-0.177673,True,
1719312,0043 - Laparoscopic Cholecystectomy.mp4,How many different foreign object instances appear in this frame? Please provide a number.,1,2,0.971961,4,-0.02844,False,
1719342,0043 - Laparoscopic Cholecystectomy.mp4,How many different foreign object instances appear in this frame? Please provide a number.,2,2,0.911673,4,-0.092474,True,
1719360,0043 - Laparoscopic Cholecystectomy.mp4,How many different foreign object instances appear in this frame? Please provide a number.,3,4,0.97439,4,-0.025944,False,
1719435,0043 - Laparoscopic Cholecystectomy.mp4,How many different foreign object instances appear in this frame? Please provide a number.,4,4,0.86521,4,-0.144783,True,
1719434,0043 - Laparoscopic Cholecystectomy.mp4,How many different foreign object instances appear in this frame? Please provide a number.,5,5,0.991875,4,-0.008158,True,
1719442,0043 - Laparoscopic Cholecystectomy.mp4,How many different foreign object instances appear in this frame? Please provide a number.,6,6,0.978867,4,-0.021359,True,
1719693,0043 - Laparoscopic Cholecystectomy.mp4,How many different foreign object classes appear in this frame? Please provide a number.,1,1,0.989627,4,-0.010427,True,
1719921,0043 - Laparoscopic Cholecystectomy.mp4,How many different foreign object classes appear in this frame? Please provide a number.,2,2,0.984491,4,-0.015631,True,
1720522,0043 - Laparoscopic Cholecystectomy.mp4,How many Clips appear in this frame? Please provide a number.,1,1,0.988434,4,-0.011633,True,
1720568,0043 - Laparoscopic Cholecystectomy.mp4,How many Clips appear in this frame? Please provide a number.,2,4,0.958404,4,-0.042486,False,
1720588,0043 - Laparoscopic Cholecystectomy.mp4,How many Clips appear in this frame? Please provide a number.,3,4,0.947636,4,-0.053785,False,
1720598,0043 - Laparoscopic Cholecystectomy.mp4,How many Clips appear in this frame? Please provide a number.,4,4,0.994829,4,-0.005184,True,
1720649,0043 - Laparoscopic Cholecystectomy.mp4,How many Clips appear in this frame? Please provide a number.,5,5,0.932281,4,-0.070121,True,
1720659,0043 - Laparoscopic Cholecystectomy.mp4,How many Clips appear in this frame? Please provide a number.,6,5,0.956107,4,-0.044886,False,
1719547,0043 - Laparoscopic Cholecystectomy.mp4,How many different foreign object instances appear in this frame? Please provide a number.,1,1,0.899936,4,-0.105431,True,
1719483,0043 - Laparoscopic Cholecystectomy.mp4,How many different foreign object instances appear in this frame? Please provide a number.,2,1,0.987794,4,-0.012281,False,
1719392,0043 - Laparoscopic Cholecystectomy.mp4,How many different foreign object instances appear in this frame? Please provide a number.,3,2,0.99486,4,-0.005153,False,
1719523,0043 - Laparoscopic Cholecystectomy.mp4,How many different foreign object instances appear in this frame? Please provide a number.,4,4,0.995653,4,-0.004356,True,
1719528,0043 - Laparoscopic Cholecystectomy.mp4,How many different foreign object instances appear in this frame? Please provide a number.,5,5,0.962687,4,-0.038027,True,
1719527,0043 - Laparoscopic Cholecystectomy.mp4,How many different foreign object instances appear in this frame? Please provide a number.,6,6,0.849489,4,-0.163121,True,
1719859,0043 - Laparoscopic Cholecystectomy.mp4,How many different foreign object classes appear in this frame? Please provide a number.,1,1,0.977096,4,-0.023171,True,
1719935,0043 - Laparoscopic Cholecystectomy.mp4,How many different foreign object classes appear in this frame? Please provide a number.,2,2,0.893129,4,-0.113024,True,
1720737,0043 - Laparoscopic Cholecystectomy.mp4,How many Clips appear in this frame? Please provide a number.,1,1,0.987932,4,-0.012142,True,
1720722,0043 - Laparoscopic Cholecystectomy.mp4,How many Clips appear in this frame? Please provide a number.,2,2,0.971357,4,-0.029061,True,
1720743,0043 - Laparoscopic Cholecystectomy.mp4,How many Clips appear in this frame? Please provide a number.,3,4,0.984501,4,-0.01562,False,
1720733,0043 - Laparoscopic Cholecystectomy.mp4,How many Clips appear in this frame? Please provide a number.,4,4,0.901933,4,-0.103216,True,
1720747,0043 - Laparoscopic Cholecystectomy.mp4,How many Clips appear in this frame? Please provide a number.,5,5,0.986776,4,-0.013313,True,
1720746,0043 - Laparoscopic Cholecystectomy.mp4,How many Clips appear in this frame? Please provide a number.,6,5,0.893911,4,-0.112149,False,
1719556,0043 - Laparoscopic Cholecystectomy.mp4,How many different foreign object instances appear in this frame? Please provide a number.,1,1,0.968126,4,-0.032393,True,
1719537,0043 - Laparoscopic Cholecystectomy.mp4,How many different foreign object instances appear in this frame? Please provide a number.,2,2,0.979713,4,-0.020495,True,
1719533,0043 - Laparoscopic Cholecystectomy.mp4,How many different foreign object instances appear in this frame? Please provide a number.,3,3,0.970342,4,-0.030106,True,
1719404,0043 - Laparoscopic Cholecystectomy.mp4,How many different foreign object instances appear in this frame? Please provide a number.,4,4,0.991553,4,-0.008483,True,
1719430,0043 - Laparoscopic Cholecystectomy.mp4,How many different foreign object instances appear in this frame? Please provide a number.,5,5,0.927158,4,-0.075632,True,
1719459,0043 - Laparoscopic Cholecystectomy.mp4,How many different foreign object instances appear in this frame? Please provide a number.,6,6,0.989918,4,-0.010133,True,
1719893,0043 - Laparoscopic Cholecystectomy.mp4,How many different foreign object classes appear in this frame? Please provide a number.,1,2,0.904029,4,-0.100894,False,
1719941,0043 - Laparoscopic Cholecystectomy.mp4,How many different foreign object classes appear in this frame? Please provide a number.,2,2,0.995487,4,-0.004523,True,
1720854,0043 - Laparoscopic Cholecystectomy.mp4,How many Specimens appear in this frame? Please provide a number.,1,1,0.998032,4,-0.00197,True,
1720744,0043 - Laparoscopic Cholecystectomy.mp4,How many Clips appear in this frame? Please provide a number.,2,3,0.931907,4,-0.070522,False,
1720791,0043 - Laparoscopic Cholecystectomy.mp4,How many Clips appear in this frame? Please provide a number.,3,4,0.941823,4,-0.059938,False,
1720601,0043 - Laparoscopic Cholecystectomy.mp4,How many Clips appear in this frame? Please provide a number.,4,3,0.994631,4,-0.005383,False,
1720644,0043 - Laparoscopic Cholecystectomy.mp4,How many Clips appear in this frame? Please provide a number.,5,5,0.99323,4,-0.006793,True,
1720669,0043 - Laparoscopic Cholecystectomy.mp4,How many Clips appear in this frame? Please provide a number.,6,6,0.989855,4,-0.010197,True,
1802994,0045 - Laparoscopic Cholecystectomy.mp4,How many different foreign object instances appear in this frame? Please provide a number.,1,2,0.926262,4,-0.076598,False,
1802951,0045 - Laparoscopic Cholecystectomy.mp4,How many different foreign object instances appear in this frame? Please provide a number.,2,3,0.98475,4,-0.015368,False,
1802989,0045 - Laparoscopic Cholecystectomy.mp4,How many different foreign object instances appear in this frame? Please provide a number.,3,3,0.880406,4,-0.127373,True,
1803257,0045 - Laparoscopic Cholecystectomy.mp4,How many different foreign object classes appear in this frame? Please provide a number.,1,1,0.990033,4,-0.010017,True,
1804220,0045 - Laparoscopic Cholecystectomy.mp4,How many Clips appear in this frame? Please provide a number.,1,2,0.969979,4,-0.030481,False,
1804204,0045 - Laparoscopic Cholecystectomy.mp4,How many Clips appear in this frame? Please provide a number.,2,3,0.885807,4,-0.121257,False,
1804238,0045 - Laparoscopic Cholecystectomy.mp4,How many Clips appear in this frame? Please provide a number.,3,2,0.993056,4,-0.006968,False,
1803011,0045 - Laparoscopic Cholecystectomy.mp4,How many different foreign object instances appear in this frame? Please provide a number.,1,1,0.951551,4,-0.049662,True,
1802944,0045 - Laparoscopic Cholecystectomy.mp4,How many different foreign object instances appear in this frame? Please provide a number.,2,2,0.967759,4,-0.032772,True,
1802962,0045 - Laparoscopic Cholecystectomy.mp4,How many different foreign object instances appear in this frame? Please provide a number.,3,3,0.913456,4,-0.09052,True,
1803323,0045 - Laparoscopic Cholecystectomy.mp4,How many different foreign object classes appear in this frame? Please provide a number.,1,1,0.963633,4,-0.037044,True,
1804272,0045 - Laparoscopic Cholecystectomy.mp4,How many Clips appear in this frame? Please provide a number.,1,1,0.974415,4,-0.025918,True,
1804206,0045 - Laparoscopic Cholecystectomy.mp4,How many Clips appear in this frame? Please provide a number.,2,2,0.982302,4,-0.017857,True,
1804248,0045 - Laparoscopic Cholecystectomy.mp4,How many Clips appear in this frame? Please provide a number.,3,3,0.926449,4,-0.076396,True,
1803034,0045 - Laparoscopic Cholecystectomy.mp4,How many different foreign object instances appear in this frame? Please provide a number.,1,2,0.82608,4,-0.191064,False,
1802947,0045 - Laparoscopic Cholecystectomy.mp4,How many different foreign object instances appear in this frame? Please provide a number.,2,2,0.986581,4,-0.01351,True,
1802987,0045 - Laparoscopic Cholecystectomy.mp4,How many different foreign object instances appear in this frame? Please provide a number.,3,3,0.946491,4,-0.054994,True,
1803359,0045 - Laparoscopic Cholecystectomy.mp4,How many different foreign object classes appear in this frame? Please provide a number.,1,1,0.859885,4,-0.150957,True,
1804306,0045 - Laparoscopic Cholecystectomy.mp4,How many Specimens appear in this frame? Please provide a number.,1,1,0.999395,4,-0.000605,True,
1804203,0045 - Laparoscopic Cholecystectomy.mp4,How many Clips appear in this frame? Please provide a number.,2,2,0.984089,4,-0.016039,True,
1804247,0045 - Laparoscopic Cholecystectomy.mp4,How many Clips appear in this frame? Please provide a number.,3,3,0.991634,4,-0.008402,True,
1803106,0045 - Laparoscopic Cholecystectomy.mp4,How many different foreign object instances appear in this frame? Please provide a number.,1,1,0.98401,4,-0.016119,True,
1802946,0045 - Laparoscopic Cholecystectomy.mp4,How many different foreign object instances appear in this frame? Please provide a number.,2,2,0.984211,4,-0.015914,True,
1802958,0045 - Laparoscopic Cholecystectomy.mp4,How many different foreign object instances appear in this frame? Please provide a number.,3,3,0.988218,4,-0.011852,True,
1803417,0045 - Laparoscopic Cholecystectomy.mp4,How many different foreign object classes appear in this frame? Please provide a number.,1,1,0.926516,4,-0.076324,True,
1804360,0045 - Laparoscopic Cholecystectomy.mp4,How many Specimens appear in this frame? Please provide a number.,1,1,0.992427,4,-0.007602,True,
1804214,0045 - Laparoscopic Cholecystectomy.mp4,How many Clips appear in this frame? Please provide a number.,2,1,0.851555,4,-0.160691,False,
1804237,0045 - Laparoscopic Cholecystectomy.mp4,How many Clips appear in this frame? Please provide a number.,3,3,0.873468,4,-0.135284,True,
1851134,0048 - Laparoscopic Cholecystectomy.mp4,How many different foreign object instances appear in this frame? Please provide a number.,1,1,0.898851,4,-0.106638,True,
1851467,0048 - Laparoscopic Cholecystectomy.mp4,How many different foreign object instances appear in this frame? Please provide a number.,2,3,0.794275,4,-0.230326,False,
1851311,0048 - Laparoscopic Cholecystectomy.mp4,How many different foreign object instances appear in this frame? Please provide a number.,3,5,0.805593,4,-0.216177,False,
1851202,0048 - Laparoscopic Cholecystectomy.mp4,How many different foreign object instances appear in this frame? Please provide a number.,4,6,0.717555,4,-0.331906,False,
1851492,0048 - Laparoscopic Cholecystectomy.mp4,How many different foreign object instances appear in this frame? Please provide a number.,5,5,0.946829,4,-0.054636,True,
1851782,0048 - Laparoscopic Cholecystectomy.mp4,How many different foreign object classes appear in this frame? Please provide a number.,1,1,0.973703,4,-0.026649,True,
1851927,0048 - Laparoscopic Cholecystectomy.mp4,How many different foreign object classes appear in this frame? Please provide a number.,2,1,0.807745,4,-0.213508,False,
1853098,0048 - Laparoscopic Cholecystectomy.mp4,How many Sponges appear in this frame? Please provide a number.,1,1,0.997093,4,-0.002911,True,
1853423,0048 - Laparoscopic Cholecystectomy.mp4,How many Clips appear in this frame? Please provide a number.,2,1,0.946713,4,-0.054759,False,
1853490,0048 - Laparoscopic Cholecystectomy.mp4,How many Clips appear in this frame? Please provide a number.,3,3,0.9623,4,-0.038429,True,
1853472,0048 - Laparoscopic Cholecystectomy.mp4,How many Clips appear in this frame? Please provide a number.,4,2,0.878176,4,-0.129909,False,
1853529,0048 - Laparoscopic Cholecystectomy.mp4,How many Clips appear in this frame? Please provide a number.,5,5,0.953141,4,-0.047993,True,
1853537,0048 - Laparoscopic Cholecystectomy.mp4,How many Clips appear in this frame? Please provide a number.,6,3,0.888671,4,-0.118028,False,
1851521,0048 - Laparoscopic Cholecystectomy.mp4,How many different foreign object instances appear in this frame? Please provide a number.,1,3,0.818644,4,-0.200106,False,
1851435,0048 - Laparoscopic Cholecystectomy.mp4,How many different foreign object instances appear in this frame? Please provide a number.,2,1,0.867314,4,-0.142354,False,
1851615,0048 - Laparoscopic Cholecystectomy.mp4,How many different foreign object instances appear in this frame? Please provide a number.,3,4,0.971363,4,-0.029055,False,
1851928,0048 - Laparoscopic Cholecystectomy.mp4,How many different foreign object classes appear in this frame? Please provide a number.,1,1,0.913402,4,-0.090579,True,
1851653,0048 - Laparoscopic Cholecystectomy.mp4,How many different foreign object classes appear in this frame? Please provide a number.,2,2,0.946967,4,-0.054491,True,
1853334,0048 - Laparoscopic Cholecystectomy.mp4,How many Sponges appear in this frame? Please provide a number.,1,1,0.998368,4,-0.001633,True,
1853661,0048 - Laparoscopic Cholecystectomy.mp4,How many Clips appear in this frame? Please provide a number.,2,4,0.825866,4,-0.191322,False,
1853629,0048 - Laparoscopic Cholecystectomy.mp4,How many Clips appear in this frame? Please provide a number.,3,4,0.993288,4,-0.006735,False,
1853531,0048 - Laparoscopic Cholecystectomy.mp4,How many Clips appear in this frame? Please provide a number.,4,3,0.854599,4,-0.157123,False,
1853528,0048 - Laparoscopic Cholecystectomy.mp4,How many Clips appear in this frame? Please provide a number.,5,5,0.824834,4,-0.192574,True,
2433035,0060 - Laparoscopic Cholecystectomy.mp4,How many different foreign object instances appear in this frame? Please provide a number.,1,1,0.95029,4,-0.050989,True,
2432991,0060 - Laparoscopic Cholecystectomy.mp4,How many different foreign object instances appear in this frame? Please provide a number.,2,1,0.992444,4,-0.007584,False,
2433091,0060 - Laparoscopic Cholecystectomy.mp4,How many different foreign object instances appear in this frame? Please provide a number.,3,2,0.912196,4,-0.091901,False,
2433341,0060 - Laparoscopic Cholecystectomy.mp4,How many different foreign object instances appear in this frame? Please provide a number.,4,4,0.851559,4,-0.160686,True,
2433318,0060 - Laparoscopic Cholecystectomy.mp4,How many different foreign object instances appear in this frame? Please provide a number.,5,4,0.866123,4,-0.143729,False,
2433280,0060 - Laparoscopic Cholecystectomy.mp4,How many different foreign object instances appear in this frame? Please provide a number.,6,3,0.975339,4,-0.02497,False,
2433535,0060 - Laparoscopic Cholecystectomy.mp4,How many different foreign object classes appear in this frame? Please provide a number.,1,1,0.911795,4,-0.09234,True,
2433587,0060 - Laparoscopic Cholecystectomy.mp4,How many different foreign object classes appear in this frame? Please provide a number.,2,"1
user
How many clips are present in the frame?",0.800633,16,-0.222353,False,
2433720,0060 - Laparoscopic Cholecystectomy.mp4,How many different foreign object classes appear in this frame? Please provide a number.,3,3,0.968743,4,-0.031755,True,
2434701,0060 - Laparoscopic Cholecystectomy.mp4,How many Sponges appear in this frame? Please provide a number.,1,1,0.999259,4,-0.000742,True,
2434865,0060 - Laparoscopic Cholecystectomy.mp4,How many Sponges appear in this frame? Please provide a number.,2,1,0.999325,4,-0.000675,False,
2435577,0060 - Laparoscopic Cholecystectomy.mp4,How many Clips appear in this frame? Please provide a number.,3,2,0.844571,4,-0.168927,False,
2435645,0060 - Laparoscopic Cholecystectomy.mp4,How many Clips appear in this frame? Please provide a number.,4,4,0.852684,4,-0.159366,True,
2435651,0060 - Laparoscopic Cholecystectomy.mp4,How many Clips appear in this frame? Please provide a number.,5,6,0.95838,4,-0.042511,False,
2435665,0060 - Laparoscopic Cholecystectomy.mp4,How many Clips appear in this frame? Please provide a number.,6,3,0.82289,4,-0.194933,False,
2517871,0061 - Laparoscopic Cholecystectomy.mp4,How many different foreign object instances appear in this frame? Please provide a number.,1,1,0.989478,4,-0.010578,True,
2517927,0061 - Laparoscopic Cholecystectomy.mp4,How many different foreign object instances appear in this frame? Please provide a number.,2,1,0.974366,4,-0.025969,False,
2518120,0061 - Laparoscopic Cholecystectomy.mp4,How many different foreign object instances appear in this frame? Please provide a number.,3,1,0.997182,4,-0.002822,False,
2518304,0061 - Laparoscopic Cholecystectomy.mp4,How many different foreign object instances appear in this frame? Please provide a number.,4,1,0.980537,4,-0.019655,False,
2518291,0061 - Laparoscopic Cholecystectomy.mp4,How many different foreign object instances appear in this frame? Please provide a number.,5,5,0.976196,4,-0.024092,True,
2517945,0061 - Laparoscopic Cholecystectomy.mp4,How many different foreign object instances appear in this frame? Please provide a number.,6,4,0.838218,4,-0.176477,False,
2517892,0061 - Laparoscopic Cholecystectomy.mp4,How many different foreign object instances appear in this frame? Please provide a number.,7,6,0.97355,4,-0.026806,False,
2518413,0061 - Laparoscopic Cholecystectomy.mp4,How many different foreign object classes appear in this frame? Please provide a number.,1,1,0.97578,4,-0.024518,True,
2518778,0061 - Laparoscopic Cholecystectomy.mp4,How many different foreign object classes appear in this frame? Please provide a number.,2,2,0.995838,4,-0.004171,True,
2519510,0061 - Laparoscopic Cholecystectomy.mp4,How many Sponges appear in this frame? Please provide a number.,1,1,0.996427,4,-0.00358,True,
2519990,0061 - Laparoscopic Cholecystectomy.mp4,How many Clips appear in this frame? Please provide a number.,2,1,0.837794,4,-0.176983,False,
2520093,0061 - Laparoscopic Cholecystectomy.mp4,How many Clips appear in this frame? Please provide a number.,3,3,0.970835,4,-0.029598,True,
2520097,0061 - Laparoscopic Cholecystectomy.mp4,How many Clips appear in this frame? Please provide a number.,4,4,0.978596,4,-0.021636,True,
2520079,0061 - Laparoscopic Cholecystectomy.mp4,How many Clips appear in this frame? Please provide a number.,5,4,0.99206,4,-0.007972,False,
2520103,0061 - Laparoscopic Cholecystectomy.mp4,How many Clips appear in this frame? Please provide a number.,6,5,0.949125,4,-0.052215,False,
2517922,0061 - Laparoscopic Cholecystectomy.mp4,How many different foreign object instances appear in this frame? Please provide a number.,1,1,0.991892,4,-0.008141,True,
2518275,0061 - Laparoscopic Cholecystectomy.mp4,How many different foreign object instances appear in this frame? Please provide a number.,2,4,0.979201,4,-0.021018,False,
2518196,0061 - Laparoscopic Cholecystectomy.mp4,How many different foreign object instances appear in this frame? Please provide a number.,3,4,0.906582,4,-0.098073,False,
2517874,0061 - Laparoscopic Cholecystectomy.mp4,How many different foreign object instances appear in this frame? Please provide a number.,4,3,0.885275,4,-0.121857,False,
2518188,0061 - Laparoscopic Cholecystectomy.mp4,How many different foreign object instances appear in this frame? Please provide a number.,5,4,0.965522,4,-0.035086,False,
2518283,0061 - Laparoscopic Cholecystectomy.mp4,How many different foreign object instances appear in this frame? Please provide a number.,6,4,0.960003,4,-0.040818,False,
2517917,0061 - Laparoscopic Cholecystectomy.mp4,How many different foreign object instances appear in this frame? Please provide a number.,7,6,0.912739,4,-0.091305,False,
2518689,0061 - Laparoscopic Cholecystectomy.mp4,How many different foreign object classes appear in this frame? Please provide a number.,1,1,0.970029,4,-0.030429,True,
2518819,0061 - Laparoscopic Cholecystectomy.mp4,How many different foreign object classes appear in this frame? Please provide a number.,2,1,0.802346,4,-0.220215,False,
2665862,0065 - Laparoscopic Cholecystectomy.mp4,How many different foreign object instances appear in this frame? Please provide a number.,1,1,0.883634,4,-0.123713,True,
2665923,0065 - Laparoscopic Cholecystectomy.mp4,How many different foreign object instances appear in this frame? Please provide a number.,2,3,0.893002,4,-0.113166,False,
2665983,0065 - Laparoscopic Cholecystectomy.mp4,How many different foreign object instances appear in this frame? Please provide a number.,3,2,0.974533,4,-0.025797,False,
2665932,0065 - Laparoscopic Cholecystectomy.mp4,How many different foreign object instances appear in this frame? Please provide a number.,4,4,0.868479,4,-0.141011,True,
2666031,0065 - Laparoscopic Cholecystectomy.mp4,How many different foreign object instances appear in this frame? Please provide a number.,5,5,0.938167,4,-0.063827,True,
2666150,0065 - Laparoscopic Cholecystectomy.mp4,How many different foreign object instances appear in this frame? Please provide a number.,6,4,0.96554,4,-0.035068,False,
2666426,0065 - Laparoscopic Cholecystectomy.mp4,How many different foreign object classes appear in this frame? Please provide a number.,1,1,0.964537,4,-0.036107,True,
2666666,0065 - Laparoscopic Cholecystectomy.mp4,How many different foreign object classes appear in this frame? Please provide a number.,2,2,0.946675,4,-0.054799,True,
2667467,0065 - Laparoscopic Cholecystectomy.mp4,How many Clips appear in this frame? Please provide a number.,1,1,0.890991,4,-0.115421,True,
2667503,0065 - Laparoscopic Cholecystectomy.mp4,How many Clips appear in this frame? Please provide a number.,2,3,0.92528,4,-0.077659,False,
2667540,0065 - Laparoscopic Cholecystectomy.mp4,How many Clips appear in this frame? Please provide a number.,3,3,0.779656,4,-0.248903,True,
2667512,0065 - Laparoscopic Cholecystectomy.mp4,How many Clips appear in this frame? Please provide a number.,4,4,0.918368,4,-0.085157,True,
2667645,0065 - Laparoscopic Cholecystectomy.mp4,How many Clips appear in this frame? Please provide a number.,5,5,0.835073,4,-0.180236,True,
2667730,0065 - Laparoscopic Cholecystectomy.mp4,How many Clips appear in this frame? Please provide a number.,6,4,0.956289,4,-0.044695,False,
2666172,0065 - Laparoscopic Cholecystectomy.mp4,How many different foreign object instances appear in this frame? Please provide a number.,1,4,0.86236,4,-0.148082,False,
2666127,0065 - Laparoscopic Cholecystectomy.mp4,How many different foreign object instances appear in this frame? Please provide a number.,2,3,0.829917,4,-0.18643,False,
2666001,0065 - Laparoscopic Cholecystectomy.mp4,How many different foreign object instances appear in this frame? Please provide a number.,4,4,0.785788,4,-0.241069,True,
2666335,0065 - Laparoscopic Cholecystectomy.mp4,How many different foreign object instances appear in this frame? Please provide a number.,5,4,0.901132,4,-0.104104,False,
2666527,0065 - Laparoscopic Cholecystectomy.mp4,How many different foreign object classes appear in this frame? Please provide a number.,1,1,0.976616,4,-0.023662,True,
2666409,0065 - Laparoscopic Cholecystectomy.mp4,How many different foreign object classes appear in this frame? Please provide a number.,2,2,0.973373,4,-0.026988,True,
2667753,0065 - Laparoscopic Cholecystectomy.mp4,How many Clips appear in this frame? Please provide a number.,1,4,0.817365,4,-0.201669,False,
2667710,0065 - Laparoscopic Cholecystectomy.mp4,How many Clips appear in this frame? Please provide a number.,2,3,0.951676,4,-0.04953,False,
2667692,0065 - Laparoscopic Cholecystectomy.mp4,How many Clips appear in this frame? Please provide a number.,3,4,0.855758,4,-0.155767,False,
2667594,0065 - Laparoscopic Cholecystectomy.mp4,How many Clips appear in this frame? Please provide a number.,4,5,0.874007,4,-0.134667,False,
2667794,0065 - Laparoscopic Cholecystectomy.mp4,How many Clips appear in this frame? Please provide a number.,5,4,0.909858,4,-0.094467,False,
2667660,0065 - Laparoscopic Cholecystectomy.mp4,How many Clips appear in this frame? Please provide a number.,6,5,0.937829,4,-0.064188,False,
2703932,0066 - Laparoscopic Cholecystectomy.mp4,How many different foreign object instances appear in this frame? Please provide a number.,1,1,0.985513,4,-0.014593,True,
2703805,0066 - Laparoscopic Cholecystectomy.mp4,How many different foreign object instances appear in this frame? Please provide a number.,2,1,0.877979,4,-0.130132,False,
2703913,0066 - Laparoscopic Cholecystectomy.mp4,How many different foreign object instances appear in this frame? Please provide a number.,3,2,0.901953,4,-0.103193,False,
2703955,0066 - Laparoscopic Cholecystectomy.mp4,How many different foreign object instances appear in this frame? Please provide a number.,4,4,0.988426,4,-0.011641,True,
2704022,0066 - Laparoscopic Cholecystectomy.mp4,How many different foreign object instances appear in this frame? Please provide a number.,5,1,0.916837,4,-0.086826,False,
2704435,0066 - Laparoscopic Cholecystectomy.mp4,How many different foreign object classes appear in this frame? Please provide a number.,1,1,0.946203,4,-0.055298,True,
2704350,0066 - Laparoscopic Cholecystectomy.mp4,How many different foreign object classes appear in this frame? Please provide a number.,2,1,0.987331,4,-0.01275,False,
2704396,0066 - Laparoscopic Cholecystectomy.mp4,How many different foreign object classes appear in this frame? Please provide a number.,3,3,0.846758,4,-0.166341,True,
2705441,0066 - Laparoscopic Cholecystectomy.mp4,How many Clips appear in this frame? Please provide a number.,1,2,0.886291,4,-0.12071,False,
2705482,0066 - Laparoscopic Cholecystectomy.mp4,How many Clips appear in this frame? Please provide a number.,2,1,0.966163,4,-0.034423,False,
2705457,0066 - Laparoscopic Cholecystectomy.mp4,How many Clips appear in this frame? Please provide a number.,3,2,0.936497,4,-0.065609,False,
2705535,0066 - Laparoscopic Cholecystectomy.mp4,How many Clips appear in this frame? Please provide a number.,4,3,0.848223,4,-0.164612,False,
2704005,0066 - Laparoscopic Cholecystectomy.mp4,How many different foreign object instances appear in this frame? Please provide a number.,1,1,0.914048,4,-0.089873,True,
2703920,0066 - Laparoscopic Cholecystectomy.mp4,How many different foreign object instances appear in this frame? Please provide a number.,2,2,0.920711,4,-0.082609,True,
2703794,0066 - Laparoscopic Cholecystectomy.mp4,How many different foreign object instances appear in this frame? Please provide a number.,3,2,0.975121,4,-0.025194,False,
2703900,0066 - Laparoscopic Cholecystectomy.mp4,How many different foreign object instances appear in this frame? Please provide a number.,4,3,0.953665,4,-0.047443,False,
2704043,0066 - Laparoscopic Cholecystectomy.mp4,How many different foreign object instances appear in this frame? Please provide a number.,5,1,0.819101,4,-0.199548,False,
2704509,0066 - Laparoscopic Cholecystectomy.mp4,How many different foreign object classes appear in this frame? Please provide a number.,1,1,0.962548,4,-0.038171,True,
2704597,0066 - Laparoscopic Cholecystectomy.mp4,How many different foreign object classes appear in this frame? Please provide a number.,2,2,0.980699,4,-0.01949,True,
2704295,0066 - Laparoscopic Cholecystectomy.mp4,How many different foreign object classes appear in this frame? Please provide a number.,3,1,0.962831,4,-0.037877,False,
2705647,0066 - Laparoscopic Cholecystectomy.mp4,How many Clips appear in this frame? Please provide a number.,1,2,0.901515,4,-0.103678,False,
2705805,0066 - Laparoscopic Cholecystectomy.mp4,How many Clips appear in this frame? Please provide a number.,2,3,0.820285,4,-0.198103,False,
2705815,0066 - Laparoscopic Cholecystectomy.mp4,How many Clips appear in this frame? Please provide a number.,3,3,0.857421,4,-0.153826,True,
2705923,0066 - Laparoscopic Cholecystectomy.mp4,How many Clips appear in this frame? Please provide a number.,4,4,0.928562,4,-0.074119,True,
2804961,0070 - Laparoscopic Cholecystectomy.mp4,How many different foreign object instances appear in this frame? Please provide a number.,1,1,0.94397,4,-0.057661,True,
2805137,0070 - Laparoscopic Cholecystectomy.mp4,How many different foreign object instances appear in this frame? Please provide a number.,2,3,0.905817,4,-0.098918,False,
2805204,0070 - Laparoscopic Cholecystectomy.mp4,How many different foreign object instances appear in this frame? Please provide a number.,3,3,0.766652,4,-0.265722,True,
2805326,0070 - Laparoscopic Cholecystectomy.mp4,How many different foreign object instances appear in this frame? Please provide a number.,4,5,0.970174,4,-0.03028,False,
2805371,0070 - Laparoscopic Cholecystectomy.mp4,How many different foreign object instances appear in this frame? Please provide a number.,5,3,0.990946,4,-0.009095,False,
2805354,0070 - Laparoscopic Cholecystectomy.mp4,How many different foreign object instances appear in this frame? Please provide a number.,6,5,0.898326,4,-0.107223,False,
2805332,0070 - Laparoscopic Cholecystectomy.mp4,How many different foreign object instances appear in this frame? Please provide a number.,7,6,0.927467,4,-0.075298,False,
2805424,0070 - Laparoscopic Cholecystectomy.mp4,How many different foreign object classes appear in this frame? Please provide a number.,1,2,0.923758,4,-0.079305,False,
2805765,0070 - Laparoscopic Cholecystectomy.mp4,How many different foreign object classes appear in this frame? Please provide a number.,2,2,0.917438,4,-0.08617,True,
2805674,0070 - Laparoscopic Cholecystectomy.mp4,How many different foreign object classes appear in this frame? Please provide a number.,3,2,0.990902,4,-0.00914,False,
2806779,0070 - Laparoscopic Cholecystectomy.mp4,How many Clips appear in this frame? Please provide a number.,1,2,0.967724,4,-0.032809,False,
2806912,0070 - Laparoscopic Cholecystectomy.mp4,How many Clips appear in this frame? Please provide a number.,2,3,0.941891,4,-0.059866,False,
2806976,0070 - Laparoscopic Cholecystectomy.mp4,How many Clips appear in this frame? Please provide a number.,3,3,0.944286,4,-0.057326,True,
2807112,0070 - Laparoscopic Cholecystectomy.mp4,How many Clips appear in this frame? Please provide a number.,4,4,0.861613,4,-0.148949,True,
2807114,0070 - Laparoscopic Cholecystectomy.mp4,How many Clips appear in this frame? Please provide a number.,5,4,0.914427,4,-0.089458,False,
2807123,0070 - Laparoscopic Cholecystectomy.mp4,How many Clips appear in this frame? Please provide a number.,6,4,0.939628,4,-0.062271,False,
2807105,0070 - Laparoscopic Cholecystectomy.mp4,How many Clips appear in this frame? Please provide a number.,7,6,0.927774,4,-0.074967,False,
2805048,0070 - Laparoscopic Cholecystectomy.mp4,How many different foreign object instances appear in this frame? Please provide a number.,1,1,0.963458,4,-0.037227,True,
2805309,0070 - Laparoscopic Cholecystectomy.mp4,How many different foreign object instances appear in this frame? Please provide a number.,2,1,0.852677,4,-0.159374,False,
2805325,0070 - Laparoscopic Cholecystectomy.mp4,How many different foreign object instances appear in this frame? Please provide a number.,3,4,0.866168,4,-0.143676,False,
2804910,0070 - Laparoscopic Cholecystectomy.mp4,How many different foreign object instances appear in this frame? Please provide a number.,4,3,0.950293,4,-0.050985,False,
2805387,0070 - Laparoscopic Cholecystectomy.mp4,How many different foreign object instances appear in this frame? Please provide a number.,5,5,0.836542,4,-0.178479,True,
2805378,0070 - Laparoscopic Cholecystectomy.mp4,How many different foreign object instances appear in this frame? Please provide a number.,6,5,0.957678,4,-0.043244,False,
2805542,0070 - Laparoscopic Cholecystectomy.mp4,How many different foreign object classes appear in this frame? Please provide a number.,1,1,0.843289,4,-0.170445,True,
2805632,0070 - Laparoscopic Cholecystectomy.mp4,How many different foreign object classes appear in this frame? Please provide a number.,2,3,0.921001,4,-0.082294,False,
2805401,0070 - Laparoscopic Cholecystectomy.mp4,How many different foreign object classes appear in this frame? Please provide a number.,3,2,0.929903,4,-0.072675,False,
2806851,0070 - Laparoscopic Cholecystectomy.mp4,How many Clips appear in this frame? Please provide a number.,1,3,0.952164,4,-0.049018,False,
2807053,0070 - Laparoscopic Cholecystectomy.mp4,How many Clips appear in this frame? Please provide a number.,2,3,0.942712,4,-0.058994,False,
2807033,0070 - Laparoscopic Cholecystectomy.mp4,How many Clips appear in this frame? Please provide a number.,3,3,0.889992,4,-0.116543,True,
2806704,0070 - Laparoscopic Cholecystectomy.mp4,How many Clips appear in this frame? Please provide a number.,4,2,0.949903,4,-0.051395,False,
2807157,0070 - Laparoscopic Cholecystectomy.mp4,How many Clips appear in this frame? Please provide a number.,5,5,0.811625,4,-0.208717,True,
2807148,0070 - Laparoscopic Cholecystectomy.mp4,How many Clips appear in this frame? Please provide a number.,6,3,0.93423,4,-0.068033,False,
2918228,0072 - Laparoscopic Cholecystectomy.mp4,How many different foreign object instances appear in this frame? Please provide a number.,1,1,0.979216,4,-0.021003,True,
2918248,0072 - Laparoscopic Cholecystectomy.mp4,How many different foreign object instances appear in this frame? Please provide a number.,2,2,0.982143,4,-0.018019,True,
2918264,0072 - Laparoscopic Cholecystectomy.mp4,How many different foreign object instances appear in this frame? Please provide a number.,3,3,0.987126,4,-0.012957,True,
2918471,0072 - Laparoscopic Cholecystectomy.mp4,How many different foreign object instances appear in this frame? Please provide a number.,4,1,0.993773,4,-0.006247,False,
2918498,0072 - Laparoscopic Cholecystectomy.mp4,How many different foreign object instances appear in this frame? Please provide a number.,5,3,0.908864,4,-0.09556,False,
2918765,0072 - Laparoscopic Cholecystectomy.mp4,How many different foreign object classes appear in this frame? Please provide a number.,1,1,0.991893,4,-0.00814,True,
2918878,0072 - Laparoscopic Cholecystectomy.mp4,How many different foreign object classes appear in this frame? Please provide a number.,2,2,0.976967,4,-0.023303,True,
2918830,0072 - Laparoscopic Cholecystectomy.mp4,How many different foreign object classes appear in this frame? Please provide a number.,3,3,0.958181,4,-0.042719,True,
2920344,0072 - Laparoscopic Cholecystectomy.mp4,How many Clips appear in this frame? Please provide a number.,1,1,0.966265,4,-0.034317,True,
2920374,0072 - Laparoscopic Cholecystectomy.mp4,How many Clips appear in this frame? Please provide a number.,2,2,0.983195,4,-0.016948,True,
2920382,0072 - Laparoscopic Cholecystectomy.mp4,How many Clips appear in this frame? Please provide a number.,3,3,0.97208,4,-0.028317,True,
2920643,0072 - Laparoscopic Cholecystectomy.mp4,How many Clips appear in this frame? Please provide a number.,4,3,0.990934,4,-0.009108,False,
2920809,0072 - Laparoscopic Cholecystectomy.mp4,How many Clips appear in this frame? Please provide a number.,5,4,0.931002,4,-0.071493,False,
2918391,0072 - Laparoscopic Cholecystectomy.mp4,How many different foreign object instances appear in this frame? Please provide a number.,1,1,0.972041,4,-0.028357,True,
2918486,0072 - Laparoscopic Cholecystectomy.mp4,How many different foreign object instances appear in this frame? Please provide a number.,2,3,0.941855,4,-0.059903,False,
2918327,0072 - Laparoscopic Cholecystectomy.mp4,How many different foreign object instances appear in this frame? Please provide a number.,3,4,0.944358,4,-0.057249,False,
2918693,0072 - Laparoscopic Cholecystectomy.mp4,How many different foreign object instances appear in this frame? Please provide a number.,4,3,0.761039,4,-0.273071,False,
3047111,0074 - Laparoscopic Cholecystectomy.mp4,How many different foreign object instances appear in this frame? Please provide a number.,1,2,0.985054,4,-0.015059,False,
3047157,0074 - Laparoscopic Cholecystectomy.mp4,How many different foreign object instances appear in this frame? Please provide a number.,2,2,0.819573,4,-0.198972,True,
3046981,0074 - Laparoscopic Cholecystectomy.mp4,How many different foreign object instances appear in this frame? Please provide a number.,3,4,0.953955,4,-0.047138,False,
3047154,0074 - Laparoscopic Cholecystectomy.mp4,How many different foreign object instances appear in this frame? Please provide a number.,4,4,0.91836,4,-0.085166,True,
3047428,0074 - Laparoscopic Cholecystectomy.mp4,How many different foreign object instances appear in this frame? Please provide a number.,5,4,0.979515,4,-0.020698,False,
3047270,0074 - Laparoscopic Cholecystectomy.mp4,How many different foreign object instances appear in this frame? Please provide a number.,6,2,0.803402,4,-0.2189,False,
3047394,0074 - Laparoscopic Cholecystectomy.mp4,How many different foreign object instances appear in this frame? Please provide a number.,7,6,0.955712,4,-0.045299,False,
3047390,0074 - Laparoscopic Cholecystectomy.mp4,How many different foreign object instances appear in this frame? Please provide a number.,8,6,0.863873,4,-0.146329,False,
3047469,0074 - Laparoscopic Cholecystectomy.mp4,How many different foreign object classes appear in this frame? Please provide a number.,1,1,0.98475,4,-0.015368,True,
3047579,0074 - Laparoscopic Cholecystectomy.mp4,How many different foreign object classes appear in this frame? Please provide a number.,2,1,0.859525,4,-0.151375,False,
3047741,0074 - Laparoscopic Cholecystectomy.mp4,How many different foreign object classes appear in this frame? Please provide a number.,3,3,0.953807,4,-0.047294,True,
3049027,0074 - Laparoscopic Cholecystectomy.mp4,How many Clips appear in this frame? Please provide a number.,1,2,0.983951,4,-0.016179,False,
3049008,0074 - Laparoscopic Cholecystectomy.mp4,How many Clips appear in this frame? Please provide a number.,2,1,0.861599,4,-0.148965,False,
3048976,0074 - Laparoscopic Cholecystectomy.mp4,How many Clips appear in this frame? Please provide a number.,3,4,0.838788,4,-0.175797,False,
3048929,0074 - Laparoscopic Cholecystectomy.mp4,How many Clips appear in this frame? Please provide a number.,4,3,0.935246,4,-0.066946,False,
3049239,0074 - Laparoscopic Cholecystectomy.mp4,How many Clips appear in this frame? Please provide a number.,5,3,0.884125,4,-0.123157,False,
3049270,0074 - Laparoscopic Cholecystectomy.mp4,How many Clips appear in this frame? Please provide a number.,6,4,0.865004,4,-0.145021,False,
3049271,0074 - Laparoscopic Cholecystectomy.mp4,How many Clips appear in this frame? Please provide a number.,7,5,0.971488,4,-0.028927,False,
3049010,0074 - Laparoscopic Cholecystectomy.mp4,How many Clips appear in this frame? Please provide a number.,8,4,0.844821,4,-0.16863,False,
3160371,0078 - Laparoscopic Cholecystectomy.mp4,How many different foreign object instances appear in this frame? Please provide a number.,1,1,0.990895,4,-0.009147,True,
3160363,0078 - Laparoscopic Cholecystectomy.mp4,How many different foreign object instances appear in this frame? Please provide a number.,2,2,0.948142,4,-0.053251,True,
3160337,0078 - Laparoscopic Cholecystectomy.mp4,How many different foreign object instances appear in this frame? Please provide a number.,3,2,0.959008,4,-0.041856,False,
3160387,0078 - Laparoscopic Cholecystectomy.mp4,How many different foreign object instances appear in this frame? Please provide a number.,4,4,0.995084,4,-0.004928,True,
3160400,0078 - Laparoscopic Cholecystectomy.mp4,How many different foreign object instances appear in this frame? Please provide a number.,5,4,0.992305,4,-0.007725,False,
3160517,0078 - Laparoscopic Cholecystectomy.mp4,How many different foreign object instances appear in this frame? Please provide a number.,6,4,0.939105,4,-0.062828,False,
3160500,0078 - Laparoscopic Cholecystectomy.mp4,How many different foreign object instances appear in this frame? Please provide a number.,7,6,0.990235,4,-0.009813,False,
3160831,0078 - Laparoscopic Cholecystectomy.mp4,How many different foreign object classes appear in this frame? Please provide a number.,1,1,0.910771,4,-0.093463,True,
3161231,0078 - Laparoscopic Cholecystectomy.mp4,How many different foreign object classes appear in this frame? Please provide a number.,2,1,0.977747,4,-0.022504,False,
3162066,0078 - Laparoscopic Cholecystectomy.mp4,How many Clips appear in this frame? Please provide a number.,1,2,0.884571,4,-0.122652,False,
3162045,0078 - Laparoscopic Cholecystectomy.mp4,How many Clips appear in this frame? Please provide a number.,2,2,0.864314,4,-0.145819,True,
3162150,0078 - Laparoscopic Cholecystectomy.mp4,How many Clips appear in this frame? Please provide a number.,3,3,0.983818,4,-0.016314,True,
3162071,0078 - Laparoscopic Cholecystectomy.mp4,How many Clips appear in this frame? Please provide a number.,4,2,0.824932,4,-0.192454,False,
3162110,0078 - Laparoscopic Cholecystectomy.mp4,How many Clips appear in this frame? Please provide a number.,5,4,0.994624,4,-0.00539,False,
3162236,0078 - Laparoscopic Cholecystectomy.mp4,How many Clips appear in this frame? Please provide a number.,6,5,0.852292,4,-0.159826,False,
3162241,0078 - Laparoscopic Cholecystectomy.mp4,How many Clips appear in this frame? Please provide a number.,7,6,0.994237,4,-0.00578,False,
3160639,0078 - Laparoscopic Cholecystectomy.mp4,How many different foreign object instances appear in this frame? Please provide a number.,1,1,0.904228,4,-0.100673,True,
3160549,0078 - Laparoscopic Cholecystectomy.mp4,How many different foreign object instances appear in this frame? Please provide a number.,2,2,0.947017,4,-0.054438,True,
3160370,0078 - Laparoscopic Cholecystectomy.mp4,How many different foreign object instances appear in this frame? Please provide a number.,3,3,0.87134,4,-0.137724,True,
3160472,0078 - Laparoscopic Cholecystectomy.mp4,How many different foreign object instances appear in this frame? Please provide a number.,4,4,0.920744,4,-0.082573,True,
3160515,0078 - Laparoscopic Cholecystectomy.mp4,How many different foreign object instances appear in this frame? Please provide a number.,5,4,0.888344,4,-0.118396,False,
3160497,0078 - Laparoscopic Cholecystectomy.mp4,How many different foreign object instances appear in this frame? Please provide a number.,6,2,0.860537,4,-0.150198,False,
3160695,0078 - Laparoscopic Cholecystectomy.mp4,How many different foreign object instances appear in this frame? Please provide a number.,7,6,0.991442,4,-0.008595,False,
3160869,0078 - Laparoscopic Cholecystectomy.mp4,How many different foreign object classes appear in this frame? Please provide a number.,1,1,0.985887,4,-0.014213,True,
3161200,0078 - Laparoscopic Cholecystectomy.mp4,How many different foreign object classes appear in this frame? Please provide a number.,2,1,0.889431,4,-0.117173,False,
3162262,0078 - Laparoscopic Cholecystectomy.mp4,How many Clips appear in this frame? Please provide a number.,1,2,0.930572,4,-0.071956,False,
3162155,0078 - Laparoscopic Cholecystectomy.mp4,How many Clips appear in this frame? Please provide a number.,2,2,0.950576,4,-0.050688,True,
3162193,0078 - Laparoscopic Cholecystectomy.mp4,How many Clips appear in this frame? Please provide a number.,3,3,0.937386,4,-0.06466,True,
3162179,0078 - Laparoscopic Cholecystectomy.mp4,How many Clips appear in this frame? Please provide a number.,4,5,0.980806,4,-0.01938,False,
3162232,0078 - Laparoscopic Cholecystectomy.mp4,How many Clips appear in this frame? Please provide a number.,5,3,0.932071,4,-0.070346,False,
3162482,0078 - Laparoscopic Cholecystectomy.mp4,How many Clips appear in this frame? Please provide a number.,6,2,0.844969,4,-0.168455,False,
3162250,0078 - Laparoscopic Cholecystectomy.mp4,How many Clips appear in this frame? Please provide a number.,7,4,0.865552,4,-0.144388,False,
3215054,0079 - Laparoscopic Cholecystectomy.mp4,How many different foreign object instances appear in this frame? Please provide a number.,1,1,0.926356,4,-0.076496,True,
3214965,0079 - Laparoscopic Cholecystectomy.mp4,How many different foreign object instances appear in this frame? Please provide a number.,2,1,0.993324,4,-0.006698,False,
3214969,0079 - Laparoscopic Cholecystectomy.mp4,How many different foreign object instances appear in this frame? Please provide a number.,3,4,0.934622,4,-0.067613,False,
3214970,0079 - Laparoscopic Cholecystectomy.mp4,How many different foreign object instances appear in this frame? Please provide a number.,4,2,0.978654,4,-0.021577,False,
3214971,0079 - Laparoscopic Cholecystectomy.mp4,How many different foreign object instances appear in this frame? Please provide a number.,5,4,0.990213,4,-0.009835,False,
3214993,0079 - Laparoscopic Cholecystectomy.mp4,How many different foreign object instances appear in this frame? Please provide a number.,6,4,0.987938,4,-0.012135,False,
3214988,0079 - Laparoscopic Cholecystectomy.mp4,How many different foreign object instances appear in this frame? Please provide a number.,7,4,0.954744,4,-0.046312,False,
3214985,0079 - Laparoscopic Cholecystectomy.mp4,How many different foreign object instances appear in this frame? Please provide a number.,8,4,0.933097,4,-0.069246,False,
3215010,0079 - Laparoscopic Cholecystectomy.mp4,How many different foreign object instances appear in this frame? Please provide a number.,9,5,0.927225,4,-0.075559,False,
3215138,0079 - Laparoscopic Cholecystectomy.mp4,How many different foreign object classes appear in this frame? Please provide a number.,1,1,0.983067,4,-0.017078,True,
3215222,0079 - Laparoscopic Cholecystectomy.mp4,How many different foreign object classes appear in this frame? Please provide a number.,2,1,0.911622,4,-0.09253,False,
3215238,0079 - Laparoscopic Cholecystectomy.mp4,How many different foreign object classes appear in this frame? Please provide a number.,3,2,0.994856,4,-0.005158,False,
3215906,0079 - Laparoscopic Cholecystectomy.mp4,How many Clips appear in this frame? Please provide a number.,1,3,0.810062,4,-0.210644,False,
3215813,0079 - Laparoscopic Cholecystectomy.mp4,How many Clips appear in this frame? Please provide a number.,2,1,0.993951,4,-0.006068,False,
3215814,0079 - Laparoscopic Cholecystectomy.mp4,How many Clips appear in this frame? Please provide a number.,3,1,0.972901,4,-0.027473,False,
3215818,0079 - Laparoscopic Cholecystectomy.mp4,How many Clips appear in this frame? Please provide a number.,4,2,0.983501,4,-0.016637,False,
3215854,0079 - Laparoscopic Cholecystectomy.mp4,How many Clips appear in this frame? Please provide a number.,5,3,0.932524,4,-0.06986,False,
3215840,0079 - Laparoscopic Cholecystectomy.mp4,How many Clips appear in this frame? Please provide a number.,6,4,0.919916,4,-0.083473,False,
3215828,0079 - Laparoscopic Cholecystectomy.mp4,How many Clips appear in this frame? Please provide a number.,7,6,0.916601,4,-0.087083,False,
3215837,0079 - Laparoscopic Cholecystectomy.mp4,How many Clips appear in this frame? Please provide a number.,8,4,0.970906,4,-0.029525,False,
3215858,0079 - Laparoscopic Cholecystectomy.mp4,How many Clips appear in this frame? Please provide a number.,9,5,0.894375,4,-0.11163,False,
3215066,0079 - Laparoscopic Cholecystectomy.mp4,How many different foreign object instances appear in this frame? Please provide a number.,1,1,0.976754,4,-0.023521,True,
3215028,0079 - Laparoscopic Cholecystectomy.mp4,How many different foreign object instances appear in this frame? Please provide a number.,2,2,0.994888,4,-0.005126,True,
3215045,0079 - Laparoscopic Cholecystectomy.mp4,How many different foreign object instances appear in this frame? Please provide a number.,3,4,0.886335,4,-0.120661,False,
3215032,0079 - Laparoscopic Cholecystectomy.mp4,How many different foreign object instances appear in this frame? Please provide a number.,4,2,0.935707,4,-0.066453,False,
3215023,0079 - Laparoscopic Cholecystectomy.mp4,How many different foreign object instances appear in this frame? Please provide a number.,5,4,0.964094,4,-0.036566,False,
3215020,0079 - Laparoscopic Cholecystectomy.mp4,How many different foreign object instances appear in this frame? Please provide a number.,6,4,0.953369,4,-0.047753,False,
3215022,0079 - Laparoscopic Cholecystectomy.mp4,How many different foreign object instances appear in this frame? Please provide a number.,7,4,0.983519,4,-0.016618,False,
3215015,0079 - Laparoscopic Cholecystectomy.mp4,How many different foreign object instances appear in this frame? Please provide a number.,8,5,0.934332,4,-0.067923,False,
3215202,0079 - Laparoscopic Cholecystectomy.mp4,How many different foreign object classes appear in this frame? Please provide a number.,1,1,0.905376,4,-0.099405,True,
3215226,0079 - Laparoscopic Cholecystectomy.mp4,How many different foreign object classes appear in this frame? Please provide a number.,2,2,0.961498,4,-0.039263,True,
3215241,0079 - Laparoscopic Cholecystectomy.mp4,How many different foreign object classes appear in this frame? Please provide a number.,3,3,0.970061,4,-0.030397,True,
3215912,0079 - Laparoscopic Cholecystectomy.mp4,How many Clips appear in this frame? Please provide a number.,1,2,0.977107,4,-0.023159,False,
3215875,0079 - Laparoscopic Cholecystectomy.mp4,How many Clips appear in this frame? Please provide a number.,2,2,0.996294,4,-0.003713,True,
3410018,0089 - Laparoscopic Cholecystectomy.mp4,How many different foreign object instances appear in this frame? Please provide a number.,2,2,0.835543,4,-0.179674,True,
3410188,0089 - Laparoscopic Cholecystectomy.mp4,How many different foreign object instances appear in this frame? Please provide a number.,2,2,0.843303,4,-0.170429,True,
3410128,0089 - Laparoscopic Cholecystectomy.mp4,How many different foreign object instances appear in this frame? Please provide a number.,3,5,0.89328,4,-0.112855,False,
3410278,0089 - Laparoscopic Cholecystectomy.mp4,How many different foreign object instances appear in this frame? Please provide a number.,4,5,0.943395,4,-0.05827,False,
3410294,0089 - Laparoscopic Cholecystectomy.mp4,How many different foreign object instances appear in this frame? Please provide a number.,5,4,0.900475,4,-0.104833,False,
3410315,0089 - Laparoscopic Cholecystectomy.mp4,How many different foreign object instances appear in this frame? Please provide a number.,6,4,0.857368,4,-0.153889,False,
3410420,0089 - Laparoscopic Cholecystectomy.mp4,How many different foreign object classes appear in this frame? Please provide a number.,1,1,0.968428,4,-0.032081,True,
3410536,0089 - Laparoscopic Cholecystectomy.mp4,How many different foreign object classes appear in this frame? Please provide a number.,2,2,0.903592,4,-0.101377,True,
3411597,0089 - Laparoscopic Cholecystectomy.mp4,How many Clips appear in this frame? Please provide a number.,1,1,0.97335,4,-0.027012,True,
3411753,0089 - Laparoscopic Cholecystectomy.mp4,How many Clips appear in this frame? Please provide a number.,2,4,0.914917,4,-0.088922,False,
3411733,0089 - Laparoscopic Cholecystectomy.mp4,How many Clips appear in this frame? Please provide a number.,3,2,0.96258,4,-0.038138,False,
3411891,0089 - Laparoscopic Cholecystectomy.mp4,How many Clips appear in this frame? Please provide a number.,4,3,0.93438,4,-0.067872,False,
3411932,0089 - Laparoscopic Cholecystectomy.mp4,How many Clips appear in this frame? Please provide a number.,5,4,0.901646,4,-0.103533,False,
3411928,0089 - Laparoscopic Cholecystectomy.mp4,How many Clips appear in this frame? Please provide a number.,6,6,0.842957,4,-0.170839,True,
3410211,0089 - Laparoscopic Cholecystectomy.mp4,How many different foreign object instances appear in this frame? Please provide a number.,1,2,0.960718,4,-0.040074,False,
3410365,0089 - Laparoscopic Cholecystectomy.mp4,How many different foreign object instances appear in this frame? Please provide a number.,2,2,0.992051,4,-0.007981,True,
3410375,0089 - Laparoscopic Cholecystectomy.mp4,How many different foreign object instances appear in this frame? Please provide a number.,3,1,0.935729,4,-0.066429,False,
3410282,0089 - Laparoscopic Cholecystectomy.mp4,How many different foreign object instances appear in this frame? Please provide a number.,4,4,0.959978,4,-0.040845,True,
3410297,0089 - Laparoscopic Cholecystectomy.mp4,How many different foreign object instances appear in this frame? Please provide a number.,5,4,0.978676,4,-0.021555,False,
3410313,0089 - Laparoscopic Cholecystectomy.mp4,How many different foreign object instances appear in this frame? Please provide a number.,6,4,0.980892,4,-0.019293,False,
3410723,0089 - Laparoscopic Cholecystectomy.mp4,How many different foreign object classes appear in this frame? Please provide a number.,1,1,0.849153,4,-0.163515,True,
3410656,0089 - Laparoscopic Cholecystectomy.mp4,How many different foreign object classes appear in this frame? Please provide a number.,2,3,0.967089,4,-0.033465,False,
3411818,0089 - Laparoscopic Cholecystectomy.mp4,How many Clips appear in this frame? Please provide a number.,1,1,0.99325,4,-0.006773,True,
3411851,0089 - Laparoscopic Cholecystectomy.mp4,How many Clips appear in this frame? Please provide a number.,2,1,0.930213,4,-0.072342,False,
3411581,0089 - Laparoscopic Cholecystectomy.mp4,How many Clips appear in this frame? Please provide a number.,3,3,0.926072,4,-0.076804,True,
3411889,0089 - Laparoscopic Cholecystectomy.mp4,How many Clips appear in this frame? Please provide a number.,4,5,0.956003,4,-0.044994,False,
3411938,0089 - Laparoscopic Cholecystectomy.mp4,How many Clips appear in this frame? Please provide a number.,5,4,0.923041,4,-0.080082,False,
3411923,0089 - Laparoscopic Cholecystectomy.mp4,How many Clips appear in this frame? Please provide a number.,6,6,0.838285,4,-0.176397,True,
3410011,0089 - Laparoscopic Cholecystectomy.mp4,How many different foreign object instances appear in this frame? Please provide a number.,1,1,0.926417,4,-0.076431,True,
3410224,0089 - Laparoscopic Cholecystectomy.mp4,How many different foreign object instances appear in this frame? Please provide a number.,2,2,0.986295,4,-0.013799,True,
3410143,0089 - Laparoscopic Cholecystectomy.mp4,How many different foreign object instances appear in this frame? Please provide a number.,3,4,0.876419,4,-0.131911,False,
3410260,0089 - Laparoscopic Cholecystectomy.mp4,How many different foreign object instances appear in this frame? Please provide a number.,4,3,0.988295,4,-0.011774,False,
3410319,0089 - Laparoscopic Cholecystectomy.mp4,How many different foreign object instances appear in this frame? Please provide a number.,5,4,0.976843,4,-0.02343,False,
3410309,0089 - Laparoscopic Cholecystectomy.mp4,How many different foreign object instances appear in this frame? Please provide a number.,6,4,0.983882,4,-0.01625,False,
3410398,0089 - Laparoscopic Cholecystectomy.mp4,How many different foreign object classes appear in this frame? Please provide a number.,1,1,0.984631,4,-0.015488,True,
3496153,0093 - Laparoscopic Cholecystectomy.mp4,How many different foreign object instances appear in this frame? Please provide a number.,1,2,0.835666,4,-0.179526,False,
3496152,0093 - Laparoscopic Cholecystectomy.mp4,How many different foreign object instances appear in this frame? Please provide a number.,2,1,0.876176,4,-0.132189,False,
3496115,0093 - Laparoscopic Cholecystectomy.mp4,How many different foreign object instances appear in this frame? Please provide a number.,3,4,0.970548,4,-0.029894,False,
3496130,0093 - Laparoscopic Cholecystectomy.mp4,How many different foreign object instances appear in this frame? Please provide a number.,4,1,0.883799,4,-0.123526,False,
3496125,0093 - Laparoscopic Cholecystectomy.mp4,How many different foreign object instances appear in this frame? Please provide a number.,5,6,0.921818,4,-0.081408,False,
3496126,0093 - Laparoscopic Cholecystectomy.mp4,How many different foreign object instances appear in this frame? Please provide a number.,6,6,0.9972,4,-0.002804,True,
3496258,0093 - Laparoscopic Cholecystectomy.mp4,How many different foreign object classes appear in this frame? Please provide a number.,1,2,0.913262,4,-0.090733,False,
3496361,0093 - Laparoscopic Cholecystectomy.mp4,How many different foreign object classes appear in this frame? Please provide a number.,2,2,0.980154,4,-0.020046,True,
3496933,0093 - Laparoscopic Cholecystectomy.mp4,How many Clips appear in this frame? Please provide a number.,1,3,0.882599,4,-0.124885,False,
3496920,0093 - Laparoscopic Cholecystectomy.mp4,How many Clips appear in this frame? Please provide a number.,2,3,0.843976,4,-0.169632,False,
3496906,0093 - Laparoscopic Cholecystectomy.mp4,How many Clips appear in this frame? Please provide a number.,3,4,0.882873,4,-0.124573,False,
3496909,0093 - Laparoscopic Cholecystectomy.mp4,How many Clips appear in this frame? Please provide a number.,4,4,0.877619,4,-0.130543,True,
3496910,0093 - Laparoscopic Cholecystectomy.mp4,How many Clips appear in this frame? Please provide a number.,5,4,0.871621,4,-0.137401,False,
3496915,0093 - Laparoscopic Cholecystectomy.mp4,How many Clips appear in this frame? Please provide a number.,6,5,0.91617,4,-0.087553,False,
3496217,0093 - Laparoscopic Cholecystectomy.mp4,How many different foreign object instances appear in this frame? Please provide a number.,1,1,0.967387,4,-0.033157,True,
3496202,0093 - Laparoscopic Cholecystectomy.mp4,How many different foreign object instances appear in this frame? Please provide a number.,2,1,0.810485,4,-0.210123,False,
3496199,0093 - Laparoscopic Cholecystectomy.mp4,How many different foreign object instances appear in this frame? Please provide a number.,3,4,0.972543,4,-0.027841,False,
3496131,0093 - Laparoscopic Cholecystectomy.mp4,How many different foreign object instances appear in this frame? Please provide a number.,4,4,0.958161,4,-0.042739,True,
3496127,0093 - Laparoscopic Cholecystectomy.mp4,How many different foreign object instances appear in this frame? Please provide a number.,5,6,0.978586,4,-0.021646,False,
3496121,0093 - Laparoscopic Cholecystectomy.mp4,How many different foreign object instances appear in this frame? Please provide a number.,6,5,0.851323,4,-0.160964,False,
3496313,0093 - Laparoscopic Cholecystectomy.mp4,How many different foreign object classes appear in this frame? Please provide a number.,1,1,0.986098,4,-0.013999,True,
3496354,0093 - Laparoscopic Cholecystectomy.mp4,How many different foreign object classes appear in this frame? Please provide a number.,2,2,0.961261,4,-0.03951,True,
3497001,0093 - Laparoscopic Cholecystectomy.mp4,How many Clips appear in this frame? Please provide a number.,1,1,0.894675,4,-0.111295,True,
3496951,0093 - Laparoscopic Cholecystectomy.mp4,How many Clips appear in this frame? Please provide a number.,2,3,0.862615,4,-0.147786,False,
3496960,0093 - Laparoscopic Cholecystectomy.mp4,How many Clips appear in this frame? Please provide a number.,3,4,0.933468,4,-0.068848,False,
3496923,0093 - Laparoscopic Cholecystectomy.mp4,How many Clips appear in this frame? Please provide a number.,4,4,0.90117,4,-0.104061,True,
3496916,0093 - Laparoscopic Cholecystectomy.mp4,How many Clips appear in this frame? Please provide a number.,5,6,0.952316,4,-0.048859,False,
3496912,0093 - Laparoscopic Cholecystectomy.mp4,How many Clips appear in this frame? Please provide a number.,6,4,0.936666,4,-0.065429,False,
3496221,0093 - Laparoscopic Cholecystectomy.mp4,How many different foreign object instances appear in this frame? Please provide a number.,1,1,0.975659,4,-0.024642,True,
3496224,0093 - Laparoscopic Cholecystectomy.mp4,How many different foreign object instances appear in this frame? Please provide a number.,2,2,0.996176,4,-0.003832,True,
3496113,0093 - Laparoscopic Cholecystectomy.mp4,How many different foreign object instances appear in this frame? Please provide a number.,3,4,0.98647,4,-0.013623,False,
3496117,0093 - Laparoscopic Cholecystectomy.mp4,How many different foreign object instances appear in this frame? Please provide a number.,4,1,0.97563,4,-0.024671,False,
3496124,0093 - Laparoscopic Cholecystectomy.mp4,How many different foreign object instances appear in this frame? Please provide a number.,5,6,0.939941,4,-0.061938,False,
3496119,0093 - Laparoscopic Cholecystectomy.mp4,How many different foreign object instances appear in this frame? Please provide a number.,6,4,0.802606,4,-0.219892,False,
3496347,0093 - Laparoscopic Cholecystectomy.mp4,How many different foreign object classes appear in this frame? Please provide a number.,1,1,0.978105,4,-0.022138,True,
3496352,0093 - Laparoscopic Cholecystectomy.mp4,How many different foreign object classes appear in this frame? Please provide a number.,2,2,0.993352,4,-0.00667,True,
3497039,0093 - Laparoscopic Cholecystectomy.mp4,How many Specimens appear in this frame? Please provide a number.,1,1,0.998782,4,-0.001219,True,
3496932,0093 - Laparoscopic Cholecystectomy.mp4,How many Clips appear in this frame? Please provide a number.,2,2,0.85379,4,-0.15807,True,
3496939,0093 - Laparoscopic Cholecystectomy.mp4,How many Clips appear in this frame? Please provide a number.,3,4,0.947512,4,-0.053916,False,
3496922,0093 - Laparoscopic Cholecystectomy.mp4,How many Clips appear in this frame? Please provide a number.,4,4,0.854625,4,-0.157092,True,
3753923,0100 - Laparoscopic Cholecystectomy.mp4,How many different foreign object instances appear in this frame? Please provide a number.,1,1,0.969205,4,-0.031279,True,
3753953,0100 - Laparoscopic Cholecystectomy.mp4,How many different foreign object instances appear in this frame? Please provide a number.,2,3,0.980767,4,-0.01942,False,
3753965,0100 - Laparoscopic Cholecystectomy.mp4,How many different foreign object instances appear in this frame? Please provide a number.,3,4,0.986439,4,-0.013654,False,
3753974,0100 - Laparoscopic Cholecystectomy.mp4,How many different foreign object instances appear in this frame? Please provide a number.,4,5,0.958311,4,-0.042583,False,
3753995,0100 - Laparoscopic Cholecystectomy.mp4,How many different foreign object instances appear in this frame? Please provide a number.,5,5,0.970109,4,-0.030347,True,
3754352,0100 - Laparoscopic Cholecystectomy.mp4,How many different foreign object classes appear in this frame? Please provide a number.,1,1,0.92572,4,-0.077184,True,
3754507,0100 - Laparoscopic Cholecystectomy.mp4,How many different foreign object classes appear in this frame? Please provide a number.,2,2,0.963964,4,-0.036701,True,
3755356,0100 - Laparoscopic Cholecystectomy.mp4,How many Clips appear in this frame? Please provide a number.,1,1,0.988314,4,-0.011755,True,
3755372,0100 - Laparoscopic Cholecystectomy.mp4,How many Clips appear in this frame? Please provide a number.,2,4,0.986107,4,-0.01399,False,
3755389,0100 - Laparoscopic Cholecystectomy.mp4,How many Clips appear in this frame? Please provide a number.,3,5,0.934078,4,-0.068195,False,
3755403,0100 - Laparoscopic Cholecystectomy.mp4,How many Clips appear in this frame? Please provide a number.,4,5,0.966282,4,-0.0343,False,
3755423,0100 - Laparoscopic Cholecystectomy.mp4,How many Clips appear in this frame? Please provide a number.,5,5,0.978902,4,-0.021324,True,
3754015,0100 - Laparoscopic Cholecystectomy.mp4,How many different foreign object instances appear in this frame? Please provide a number.,1,2,0.951392,4,-0.049829,False,
3754040,0100 - Laparoscopic Cholecystectomy.mp4,How many different foreign object instances appear in this frame? Please provide a number.,2,1,0.83045,4,-0.185787,False,
3753981,0100 - Laparoscopic Cholecystectomy.mp4,How many different foreign object instances appear in this frame? Please provide a number.,3,3,0.891549,4,-0.114795,True,
3753998,0100 - Laparoscopic Cholecystectomy.mp4,How many different foreign object instances appear in this frame? Please provide a number.,4,3,0.903274,4,-0.101729,False,
3753993,0100 - Laparoscopic Cholecystectomy.mp4,How many different foreign object instances appear in this frame? Please provide a number.,5,5,0.901331,4,-0.103882,True,
3754454,0100 - Laparoscopic Cholecystectomy.mp4,How many different foreign object classes appear in this frame? Please provide a number.,1,1,0.911517,4,-0.092645,True,
3754508,0100 - Laparoscopic Cholecystectomy.mp4,How many different foreign object classes appear in this frame? Please provide a number.,2,2,0.919007,4,-0.084462,True,
3755432,0100 - Laparoscopic Cholecystectomy.mp4,How many Clips appear in this frame? Please provide a number.,1,2,0.979433,4,-0.020781,False,
3755411,0100 - Laparoscopic Cholecystectomy.mp4,How many Clips appear in this frame? Please provide a number.,2,3,0.849317,4,-0.163323,False,
3755427,0100 - Laparoscopic Cholecystectomy.mp4,How many Clips appear in this frame? Please provide a number.,3,3,0.934069,4,-0.068205,True,
3755425,0100 - Laparoscopic Cholecystectomy.mp4,How many Clips appear in this frame? Please provide a number.,4,5,0.870219,4,-0.139011,False,
3755417,0100 - Laparoscopic Cholecystectomy.mp4,How many Clips appear in this frame? Please provide a number.,5,6,0.910144,4,-0.094153,False,
3754048,0100 - Laparoscopic Cholecystectomy.mp4,How many different foreign object instances appear in this frame? Please provide a number.,1,1,0.975226,4,-0.025086,True,
3754080,0100 - Laparoscopic Cholecystectomy.mp4,How many different foreign object instances appear in this frame? Please provide a number.,2,1,0.987004,4,-0.013081,False,
3754088,0100 - Laparoscopic Cholecystectomy.mp4,How many different foreign object instances appear in this frame? Please provide a number.,3,1,0.962831,4,-0.037878,False,
3754214,0100 - Laparoscopic Cholecystectomy.mp4,How many different foreign object instances appear in this frame? Please provide a number.,4,3,0.910419,4,-0.09385,False,
3753992,0100 - Laparoscopic Cholecystectomy.mp4,How many different foreign object instances appear in this frame? Please provide a number.,5,4,0.901752,4,-0.103415,False,
3754500,0100 - Laparoscopic Cholecystectomy.mp4,How many different foreign object classes appear in this frame? Please provide a number.,1,1,0.858103,4,-0.153031,True,
3754512,0100 - Laparoscopic Cholecystectomy.mp4,How many different foreign object classes appear in this frame? Please provide a number.,2,2,0.967583,4,-0.032954,True,
3755653,0100 - Laparoscopic Cholecystectomy.mp4,How many Specimens appear in this frame? Please provide a number.,1,1,0.998017,4,-0.001985,True,
3755507,0100 - Laparoscopic Cholecystectomy.mp4,How many Clips appear in this frame? Please provide a number.,2,3,0.957273,4,-0.043667,False,
3755474,0100 - Laparoscopic Cholecystectomy.mp4,How many Clips appear in this frame? Please provide a number.,3,3,0.89144,4,-0.114918,True,
3755542,0100 - Laparoscopic Cholecystectomy.mp4,How many Clips appear in this frame? Please provide a number.,4,4,0.98195,4,-0.018215,True,
3755415,0100 - Laparoscopic Cholecystectomy.mp4,How many Clips appear in this frame? Please provide a number.,5,6,0.978293,4,-0.021946,False,
4658475,0149 - Laparoscopic Cholecystectomy.mp4,How many different foreign object instances appear in this frame? Please provide a number.,1,1,0.994163,4,-0.005854,True,
4658497,0149 - Laparoscopic Cholecystectomy.mp4,How many different foreign object instances appear in this frame? Please provide a number.,2,2,0.98204,4,-0.018124,True,
4658575,0149 - Laparoscopic Cholecystectomy.mp4,How many different foreign object instances appear in this frame? Please provide a number.,3,3,0.86745,4,-0.142197,True,
4658548,0149 - Laparoscopic Cholecystectomy.mp4,How many different foreign object instances appear in this frame? Please provide a number.,4,4,0.933263,4,-0.069068,True,
4658629,0149 - Laparoscopic Cholecystectomy.mp4,How many different foreign object instances appear in this frame? Please provide a number.,5,3,0.985057,4,-0.015056,False,
4658665,0149 - Laparoscopic Cholecystectomy.mp4,How many different foreign object instances appear in this frame? Please provide a number.,6,4,0.991599,4,-0.008436,False,
4658993,0149 - Laparoscopic Cholecystectomy.mp4,How many different foreign object classes appear in this frame? Please provide a number.,1,1,0.989634,4,-0.01042,True,
4659449,0149 - Laparoscopic Cholecystectomy.mp4,How many different foreign object classes appear in this frame? Please provide a number.,2,2,0.96236,4,-0.038366,True,
4659358,0149 - Laparoscopic Cholecystectomy.mp4,How many different foreign object classes appear in this frame? Please provide a number.,3,2,0.982848,4,-0.017301,False,
4660107,0149 - Laparoscopic Cholecystectomy.mp4,How many Clips appear in this frame? Please provide a number.,1,1,0.994268,4,-0.005748,True,
4660120,0149 - Laparoscopic Cholecystectomy.mp4,How many Clips appear in this frame? Please provide a number.,2,2,0.989628,4,-0.010426,True,
4660159,0149 - Laparoscopic Cholecystectomy.mp4,How many Clips appear in this frame? Please provide a number.,3,1,0.836292,4,-0.178777,False,
4660202,0149 - Laparoscopic Cholecystectomy.mp4,How many Clips appear in this frame? Please provide a number.,4,3,0.932547,4,-0.069835,False,
4660233,0149 - Laparoscopic Cholecystectomy.mp4,How many Clips appear in this frame? Please provide a number.,5,4,0.99141,4,-0.008627,False,
4660288,0149 - Laparoscopic Cholecystectomy.mp4,How many Clips appear in this frame? Please provide a number.,6,4,0.990918,4,-0.009124,False,
4658516,0149 - Laparoscopic Cholecystectomy.mp4,How many different foreign object instances appear in this frame? Please provide a number.,1,3,0.923897,4,-0.079155,False,
4658538,0149 - Laparoscopic Cholecystectomy.mp4,How many different foreign object instances appear in this frame? Please provide a number.,2,2,0.988578,4,-0.011488,True,
4658716,0149 - Laparoscopic Cholecystectomy.mp4,How many different foreign object instances appear in this frame? Please provide a number.,3,3,0.853079,4,-0.158904,True,
4658739,0149 - Laparoscopic Cholecystectomy.mp4,How many different foreign object instances appear in this frame? Please provide a number.,4,4,0.974548,4,-0.025782,True,
4658725,0149 - Laparoscopic Cholecystectomy.mp4,How many different foreign object instances appear in this frame? Please provide a number.,5,4,0.957538,4,-0.04339,False,
4658705,0149 - Laparoscopic Cholecystectomy.mp4,How many different foreign object instances appear in this frame? Please provide a number.,6,4,0.940279,4,-0.061578,False,
4659135,0149 - Laparoscopic Cholecystectomy.mp4,How many different foreign object classes appear in this frame? Please provide a number.,1,1,0.989573,4,-0.010482,True,
4659212,0149 - Laparoscopic Cholecystectomy.mp4,How many different foreign object classes appear in this frame? Please provide a number.,2,1,0.971298,4,-0.029121,False,
4659145,0149 - Laparoscopic Cholecystectomy.mp4,How many different foreign object classes appear in this frame? Please provide a number.,3,2,0.985535,4,-0.01457,False,
4660136,0149 - Laparoscopic Cholecystectomy.mp4,How many Clips appear in this frame? Please provide a number.,1,3,0.949384,4,-0.051941,False,
4660130,0149 - Laparoscopic Cholecystectomy.mp4,How many Clips appear in this frame? Please provide a number.,2,2,0.987883,4,-0.012191,True,
4660382,0149 - Laparoscopic Cholecystectomy.mp4,How many Clips appear in this frame? Please provide a number.,3,1,0.893814,4,-0.112258,False,
4660381,0149 - Laparoscopic Cholecystectomy.mp4,How many Clips appear in this frame? Please provide a number.,4,1,0.976955,4,-0.023315,False,
4660398,0149 - Laparoscopic Cholecystectomy.mp4,How many Clips appear in this frame? Please provide a number.,5,4,0.967037,4,-0.033518,False,
4660308,0149 - Laparoscopic Cholecystectomy.mp4,How many Clips appear in this frame? Please provide a number.,6,4,0.989155,4,-0.010904,False,
4704430,0158 - Laparoscopic Cholecystectomy.mp4,How many different foreign object instances appear in this frame? Please provide a number.,1,1,0.991887,4,-0.008146,True,
4704552,0158 - Laparoscopic Cholecystectomy.mp4,How many different foreign object instances appear in this frame? Please provide a number.,2,2,0.844977,4,-0.168445,True,
4704721,0158 - Laparoscopic Cholecystectomy.mp4,How many different foreign object instances appear in this frame? Please provide a number.,3,4,0.883249,4,-0.124148,False,
4704677,0158 - Laparoscopic Cholecystectomy.mp4,How many different foreign object instances appear in this frame? Please provide a number.,4,1,0.967641,4,-0.032895,False,
4704695,0158 - Laparoscopic Cholecystectomy.mp4,How many different foreign object instances appear in this frame? Please provide a number.,5,4,0.970075,4,-0.030382,False,
4704966,0158 - Laparoscopic Cholecystectomy.mp4,How many different foreign object classes appear in this frame? Please provide a number.,1,1,0.993082,4,-0.006942,True,
4705049,0158 - Laparoscopic Cholecystectomy.mp4,How many different foreign object classes appear in this frame? Please provide a number.,2,2,0.969956,4,-0.030505,True,
4706059,0158 - Laparoscopic Cholecystectomy.mp4,How many Sponges appear in this frame? Please provide a number.,1,1,0.999081,4,-0.000919,True,
4706749,0158 - Laparoscopic Cholecystectomy.mp4,How many Clips appear in this frame? Please provide a number.,2,3,0.906286,4,-0.098401,False,
4706657,0158 - Laparoscopic Cholecystectomy.mp4,How many Clips appear in this frame? Please provide a number.,3,1,0.976316,4,-0.023969,False,
4706677,0158 - Laparoscopic Cholecystectomy.mp4,How many Clips appear in this frame? Please provide a number.,4,2,0.867266,4,-0.14241,False,
4704475,0158 - Laparoscopic Cholecystectomy.mp4,How many different foreign object instances appear in this frame? Please provide a number.,1,1,0.981191,4,-0.018988,True,
4704635,0158 - Laparoscopic Cholecystectomy.mp4,How many different foreign object instances appear in this frame? Please provide a number.,2,3,0.883239,4,-0.124159,False,
4704580,0158 - Laparoscopic Cholecystectomy.mp4,How many different foreign object instances appear in this frame? Please provide a number.,3,1,0.879863,4,-0.127989,False,
4704857,0158 - Laparoscopic Cholecystectomy.mp4,How many different foreign object instances appear in this frame? Please provide a number.,4,1,0.997426,4,-0.002577,False,
4704698,0158 - Laparoscopic Cholecystectomy.mp4,How many different foreign object instances appear in this frame? Please provide a number.,5,5,0.960155,4,-0.04066,True,
4705140,0158 - Laparoscopic Cholecystectomy.mp4,How many different foreign object classes appear in this frame? Please provide a number.,1,1,0.945662,4,-0.05587,True,
4705109,0158 - Laparoscopic Cholecystectomy.mp4,How many different foreign object classes appear in this frame? Please provide a number.,2,1,0.933467,4,-0.068849,False,
4706622,0158 - Laparoscopic Cholecystectomy.mp4,How many Clips appear in this frame? Please provide a number.,1,3,0.880365,4,-0.127419,False,
4706798,0158 - Laparoscopic Cholecystectomy.mp4,How many Clips appear in this frame? Please provide a number.,2,2,0.940679,4,-0.061153,True,
4706829,0158 - Laparoscopic Cholecystectomy.mp4,How many Clips appear in this frame? Please provide a number.,3,1,0.994471,4,-0.005545,False,
4706681,0158 - Laparoscopic Cholecystectomy.mp4,How many Clips appear in this frame? Please provide a number.,4,4,0.91755,4,-0.086048,True,
4927561,0183 - Laparoscopic Cholecystectomy.mp4,How many different foreign object instances appear in this frame? Please provide a number.,1,1,0.997391,4,-0.002612,True,
4927658,0183 - Laparoscopic Cholecystectomy.mp4,How many different foreign object instances appear in this frame? Please provide a number.,2,2,0.988385,4,-0.011683,True,
4927755,0183 - Laparoscopic Cholecystectomy.mp4,How many different foreign object instances appear in this frame? Please provide a number.,3,3,0.959942,4,-0.040882,True,
4927767,0183 - Laparoscopic Cholecystectomy.mp4,How many different foreign object instances appear in this frame? Please provide a number.,4,4,0.974132,4,-0.026208,True,
4927713,0183 - Laparoscopic Cholecystectomy.mp4,How many different foreign object instances appear in this frame? Please provide a number.,5,5,0.986599,4,-0.013492,True,
4928004,0183 - Laparoscopic Cholecystectomy.mp4,How many different foreign object classes appear in this frame? Please provide a number.,1,1,0.956316,4,-0.044667,True,
4928164,0183 - Laparoscopic Cholecystectomy.mp4,How many different foreign object classes appear in this frame? Please provide a number.,2,1,0.853679,4,-0.1582,False,
4929146,0183 - Laparoscopic Cholecystectomy.mp4,How many Sponges appear in this frame? Please provide a number.,1,1,0.998982,4,-0.001018,True,
4929586,0183 - Laparoscopic Cholecystectomy.mp4,How many Clips appear in this frame? Please provide a number.,2,2,0.879257,4,-0.128678,True,
4929606,0183 - Laparoscopic Cholecystectomy.mp4,How many Clips appear in this frame? Please provide a number.,3,3,0.914995,4,-0.088837,True,
4929625,0183 - Laparoscopic Cholecystectomy.mp4,How many Clips appear in this frame? Please provide a number.,4,4,0.929754,4,-0.072835,True,
4927601,0183 - Laparoscopic Cholecystectomy.mp4,How many different foreign object instances appear in this frame? Please provide a number.,1,1,0.996566,4,-0.00344,True,
5025237,0065 - Laparoscopic Cholecystectomy.mp4,How many different foreign object instances appear in this frame? Please provide a number.,3,,,0,,,missing frame
5026822,0089 - Laparoscopic Cholecystectomy.mp4,How many Specimen bags appear in this frame? Please provide a number.,1,,,0,,,missing frame
5026828,0065 - Laparoscopic Cholecystectomy.mp4,How many Clips appear in this frame? Please provide a number.,5,,,0,,,missing frame
